Unity Editor version:    6000.3.14f1 (d68c3f99a318)
Branch:                  6000.3/staging
Build type:              Release
Batch mode:              YES
macOS version:           Version 15.6.1 (Build 24G90)
Darwin version:          24.6.0
Architecture:            arm64
Running under Rosetta:   NO
Available memory:        36864 MB
Date:                    2026-05-07T00:47:45Z
[Licensing::Module] Trying to connect to existing licensing client channel...
[Licensing::IpcConnector] Successfully connected to: "LicenseClient-saianirudh" at "2026-05-07T00:47:45.977576Z"

COMMAND LINE ARGUMENTS:
/Applications/Unity/Hub/Editor/6000.3.14f1/Unity.app/Contents/MacOS/Unity
-adb2
-batchMode
-noUpm
-name
AssetImportWorker2
-projectPath
/Users/saianirudh/Documents/GitHub/Arena-Stomper
-logFile
Logs/AssetImportWorker2.log
-srvPort
54896
-licensingIpc
LicenseClient-saianirudh
-job-worker-count
5
-background-job-worker-count
8
-gc-helper-count
1
-name AssetImport
Successfully changed project path to: /Users/saianirudh/Documents/GitHub/Arena-Stomper
/Users/saianirudh/Documents/GitHub/Arena-Stomper
[UnityMemory] Configuration Parameters - Can be set up in boot.config
    "memorysetup-allocator-temp-initial-block-size-main=262144"
    "memorysetup-allocator-temp-initial-block-size-worker=262144"
    "memorysetup-temp-allocator-size-background-worker=32768"
    "memorysetup-temp-allocator-size-job-worker=262144"
    "memorysetup-temp-allocator-size-preload-manager=33554432"
    "memorysetup-temp-allocator-size-nav-mesh-worker=65536"
    "memorysetup-temp-allocator-size-audio-worker=65536"
    "memorysetup-temp-allocator-size-cloud-worker=32768"
    "memorysetup-bucket-allocator-granularity=16"
    "memorysetup-bucket-allocator-bucket-count=8"
    "memorysetup-bucket-allocator-block-size=33554432"
    "memorysetup-bucket-allocator-block-count=8"
    "memorysetup-main-allocator-block-size=16777216"
    "memorysetup-thread-allocator-block-size=16777216"
    "memorysetup-gfx-main-allocator-block-size=16777216"
    "memorysetup-gfx-thread-allocator-block-size=16777216"
    "memorysetup-cache-allocator-block-size=4194304"
    "memorysetup-typetree-allocator-block-size=2097152"
    "memorysetup-profiler-bucket-allocator-granularity=16"
    "memorysetup-profiler-bucket-allocator-bucket-count=8"
    "memorysetup-profiler-bucket-allocator-block-size=33554432"
    "memorysetup-profiler-bucket-allocator-block-count=8"
    "memorysetup-profiler-allocator-block-size=16777216"
    "memorysetup-profiler-editor-allocator-block-size=1048576"
    "memorysetup-temp-allocator-size-main=16777216"
    "memorysetup-job-temp-allocator-block-size=2097152"
    "memorysetup-job-temp-allocator-block-size-background=1048576"
    "memorysetup-job-temp-allocator-reduction-small-platforms=262144"
    "memorysetup-temp-allocator-size-gi-baking-worker=262144"
    "memorysetup-temp-allocator-size-gi-baking-worker=262144"
    "memorysetup-temp-allocator-size-gi-baking-worker=262144"
    "memorysetup-temp-allocator-size-gi-baking-worker=262144"
    "memorysetup-temp-allocator-size-gi-baking-worker=262144"
    "memorysetup-temp-allocator-size-gfx=262144"
Player connection [8640684224]  Target information:

Player connection [8640684224]  * "[IP] 172.16.46.195 [Port] 0 [Flags] 2 [Guid] 100918625 [EditorId] 100918625 [Version] 1048832 [Id] OSXEditor(0,Sais-MacBook-Pro-3.local) [Debug] 1 [PackageName] OSXEditor [ProjectName] Editor" 

Player connection [8640684224] Host joined multi-casting on [225.0.0.222:54997]...
Player connection [8640684224] Host joined alternative multi-casting on [225.0.0.222:34997]...
JobSystem: Creating JobQueue using job-worker-count value 5
Input System module state changed to: Initialized.
[Physics::Module] Initialized fallback backend.
[Physics::Module] Id: 0xdecafbad
Library Redirect Path: Library/
[Physics::Module] Selected backend.
[Physics::Module] Name: PhysX
[Physics::Module] Id: 0xf2b8ea05
[Physics::Module] SDK Version: 4.1.2
[Physics::Module] Integration Version: 1.0.0
[Physics::Module] Threading Mode: Multi-Threaded
Refreshing native plugins compatible for Editor in 0.00 ms, found 0 plugins.
Preloading 0 native plugins for Editor in 0.00 ms.
Initialize engine version: 6000.3.14f1 (d68c3f99a318)
[Subsystems] Discovering subsystems at path /Applications/Unity/Hub/Editor/6000.3.14f1/Unity.app/Contents/Resources/UnitySubsystems
[Subsystems] Discovering subsystems at path /Users/saianirudh/Documents/GitHub/Arena-Stomper/Assets
GfxDevice: creating device client; kGfxThreadingModeNonThreaded
 preferred device: Apple M3 Pro (high power)
Metal devices available: 1
0: Apple M3 Pro (high power)
Using device Apple M3 Pro (high power)
Initializing Metal device caps: Apple M3 Pro
Mac GPU Family: 2
Apple GPU Family: 9
MSL Version: 3.0
Has Float MSAA: 1
Has Float Filtering: 1
ReadWrite Texture Tier: 2
Initialize mono
Mono path[0] = '/Applications/Unity/Hub/Editor/6000.3.14f1/Unity.app/Contents/Resources/Scripting/Managed'
Mono path[1] = '/Applications/Unity/Hub/Editor/6000.3.14f1/Unity.app/Contents/Resources/Scripting/MonoBleedingEdge/lib/mono/unityjit-macos'
Mono config path = '/Applications/Unity/Hub/Editor/6000.3.14f1/Unity.app/Contents/Resources/Scripting/MonoBleedingEdge/etc'
Using monoOptions --debugger-agent=transport=dt_socket,embedding=1,server=y,suspend=n,address=127.0.0.1:56579
Begin MonoManager ReloadAssembly
Registering precompiled unity dll's ...
Register platform support module: /Applications/Unity/Hub/Editor/6000.3.14f1/PlaybackEngines/WebGLSupport/UnityEditor.WebGL.Extensions.dll
Register platform support module: /Applications/Unity/Hub/Editor/6000.3.14f1/Unity.app/Contents/PlaybackEngines/MacStandaloneSupport/UnityEditor.OSXStandalone.Extensions.dll
Registered in 0.000425 seconds.
[Licensing::Client] Error: HandshakeResponse reported an error:
	ResponseCode: 505
	ResponseStatus: Unsupported protocol version '1.18.1'.
[Licensing::Module] Error: Failed to handshake to channel: "LicenseClient-saianirudh"
[Licensing::IpcConnector] LicenseClient-saianirudh channel disconnected successfully.
[Licensing::IpcConnector] Successfully connected to: "LicenseClient-saianirudh-6000.3.14" at "2026-05-07T00:47:46.505011Z"
- Loaded All Assemblies, in  0.223 seconds
Native extension for OSXStandalone target not found
Native extension for WebGL target not found
Package Manager log level set to [2]
[Package Manager] Failed to launch server process. Reason: Unity was launched with the -noUpm command-line argument
[Package Manager] Unable to send message (not connected to server process).
[Package Manager] Cannot connect to Unity Package Manager local server
ScheduleIndexationOnStartup MainProcess:False IndexOnStartup:True
Mono: successfully reloaded assembly
- Finished resetting the current domain, in  0.247 seconds
Domain Reload Profiling: 470ms
	BeginReloadAssembly (48ms)
		ExecutionOrderSort (0ms)
		DisableScriptedObjects (0ms)
		BackupInstance (0ms)
		ReleaseScriptingObjects (0ms)
		CreateAndSetChildDomain (0ms)
	RebuildCommonClasses (25ms)
	RebuildNativeTypeToScriptingClass (9ms)
	initialDomainReloadingComplete (25ms)
	LoadAllAssembliesAndSetupDomain (116ms)
		LoadAssemblies (47ms)
		RebuildTransferFunctionScriptingTraits (0ms)
		AnalyzeDomain (114ms)
			TypeCache.Refresh (113ms)
				TypeCache.ScanAssembly (103ms)
			BuildScriptInfoCaches (0ms)
			ResolveRequiredComponents (0ms)
	FinalizeReload (247ms)
		ReleaseScriptCaches (0ms)
		RebuildScriptCaches (0ms)
		SetupLoadedEditorAssemblies (223ms)
			LogAssemblyErrors (0ms)
			InitializePlatformSupportModulesInManaged (29ms)
			SetLoadedEditorAssemblies (3ms)
			BeforeProcessingInitializeOnLoad (49ms)
			ProcessInitializeOnLoadAttributes (98ms)
			ProcessInitializeOnLoadMethodAttributes (44ms)
			AfterProcessingInitializeOnLoad (0ms)
			EditorAssembliesLoaded (0ms)
		ExecutionOrderSort2 (0ms)
		AwakeInstancesAfterBackupRestoration (0ms)
[CoreBusinessMetrics] Unexpected thread when updating session info.
========================================================================
Worker process is ready to serve import requests
Import Worker Mode flag is 0x00
Begin MonoManager ReloadAssembly
[Licensing::Module] Licensing is not yet initialized.
[Licensing::Client] Handshaking with LicensingClient:
  Version:                 1.18.1+9fbee8e
  Session Id:              7ee2d632422649ddb6c4297342ed2129
  Correlation Id:          7685c77a6b81fcca0d39ea5ba1b2e22d
  External correlation Id: 7506847905789308657
  Machine Id:              C4pbRLMWxvTVDzcTcflKjl9cjME=
[Licensing::Module] Successfully connected to LicensingClient on channel: "LicenseClient-saianirudh-6000.3.14" (connect: 0.00s, validation: 0.00s, handshake: 0.58s)
[Licensing::IpcConnector] Successfully connected to: "LicenseClient-saianirudh-6000.3.14-notifications" at "2026-05-07T00:47:47.082788Z"
[Licensing::Module] Licensing Background thread has ended after 1.11s
[Licensing::Module] Licensing is initialized (took 0.28s).
[Licensing::Client] Successfully resolved entitlement details
[Licensing::Module] License group:
  Id: 2473946772596-UnityPersXXXX
  Product: Unity Personal
  Type: Assigned
  Expiration: Unlimited
- Loaded All Assemblies, in  0.423 seconds
Refreshing native plugins compatible for Editor in 0.00 ms, found 0 plugins.
Native extension for OSXStandalone target not found
Native extension for WebGL target not found
[Package Manager] Failed to launch server process. Reason: Unity was launched with the -noUpm command-line argument
[Package Manager] Unable to send message (not connected to server process).
[Package Manager] Cannot connect to Unity Package Manager local server
ScheduleIndexationOnStartup MainProcess:False IndexOnStartup:True
Mono: successfully reloaded assembly
- Finished resetting the current domain, in  0.208 seconds
Domain Reload Profiling: 631ms
	BeginReloadAssembly (365ms)
		ExecutionOrderSort (0ms)
		DisableScriptedObjects (3ms)
		BackupInstance (0ms)
		ReleaseScriptingObjects (0ms)
		CreateAndSetChildDomain (22ms)
	RebuildCommonClasses (26ms)
	RebuildNativeTypeToScriptingClass (10ms)
	initialDomainReloadingComplete (10ms)
	LoadAllAssembliesAndSetupDomain (11ms)
		LoadAssemblies (35ms)
		RebuildTransferFunctionScriptingTraits (0ms)
		AnalyzeDomain (9ms)
			TypeCache.Refresh (7ms)
				TypeCache.ScanAssembly (2ms)
			BuildScriptInfoCaches (1ms)
			ResolveRequiredComponents (0ms)
	FinalizeReload (208ms)
		ReleaseScriptCaches (0ms)
		RebuildScriptCaches (0ms)
		SetupLoadedEditorAssemblies (142ms)
			LogAssemblyErrors (0ms)
			InitializePlatformSupportModulesInManaged (1ms)
			SetLoadedEditorAssemblies (3ms)
			BeforeProcessingInitializeOnLoad (54ms)
			ProcessInitializeOnLoadAttributes (62ms)
			ProcessInitializeOnLoadMethodAttributes (21ms)
			AfterProcessingInitializeOnLoad (1ms)
			EditorAssembliesLoaded (0ms)
		ExecutionOrderSort2 (0ms)
		AwakeInstancesAfterBackupRestoration (2ms)
Launching external process: /Applications/Unity/Hub/Editor/6000.3.14f1/Unity.app/Contents/Helpers/UnityShaderCompiler
Launched and connected shader compiler UnityShaderCompiler after 0.03 seconds
Refreshing native plugins compatible for Editor in 0.00 ms, found 0 plugins.
Preloading 0 native plugins for Editor in 0.00 ms.
Unloading 0 Unused Serialized files (Serialized files now loaded: 0)
Unloading 64 unused Assets / (22.3 KB). Loaded Objects now: 655.
Memory consumption went from 58.2 MB to 58.2 MB.
Total: 3.541667 ms (FindLiveObjects: 0.024750 ms CreateObjectMapping: 0.004042 ms MarkObjects: 3.463917 ms  DeleteObjects: 0.048875 ms)

========================================================================
Received Import Request.
  Time since last request: 10401021.942841 seconds.
  path: Assets/FST/Gladiators Low Poly Arena
  artifactKey: Guid(0475b7af2be2f45e194276afce60afab) Importer(2089858483,b0f066a214c2f5e87bad3c948f4d605d)
Start importing Assets/FST/Gladiators Low Poly Arena using Guid(0475b7af2be2f45e194276afce60afab) Importer(2089858483,b0f066a214c2f5e87bad3c948f4d605d) (ScriptedImporter) -> (artifact id: 'a59dd2640d886f530f649936216a59f7') in 0.024028708 seconds
Number of updated asset objects reloaded before import = 0Number of asset objects unloaded after import = 1

========================================================================
Received Import Request.
  Time since last request: 0.000030 seconds.
  path: Assets/FST/Gladiators Low Poly Arena/Prefabs
  artifactKey: Guid(1b4bbe1694ef36242ab21166b57e3c19) Importer(2089858483,b0f066a214c2f5e87bad3c948f4d605d)
Start importing Assets/FST/Gladiators Low Poly Arena/Prefabs using Guid(1b4bbe1694ef36242ab21166b57e3c19) Importer(2089858483,b0f066a214c2f5e87bad3c948f4d605d) (ScriptedImporter) -> (artifact id: 'f97f10af482ba7d10b7ab0fc266cda04') in 0.000966792 seconds
Number of updated asset objects reloaded before import = 0Number of asset objects unloaded after import = 1

========================================================================
Received Import Request.
  Time since last request: 0.000078 seconds.
  path: Assets/FST/Gladiators Low Poly Arena/Materials/Flag.mat
  artifactKey: Guid(10c909074d284a348a18dea39472a898) Importer(2089858483,b0f066a214c2f5e87bad3c948f4d605d)
Start importing Assets/FST/Gladiators Low Poly Arena/Materials/Flag.mat using Guid(10c909074d284a348a18dea39472a898) Importer(2089858483,b0f066a214c2f5e87bad3c948f4d605d) (ScriptedImporter) -> (artifact id: 'cff87e32fd29203836c6cb45001cfc0e') in 0.056321083 seconds
Number of updated asset objects reloaded before import = 0Number of asset objects unloaded after import = 4

========================================================================
Received Import Request.
  Time since last request: 0.000035 seconds.
  path: Assets/FST/Gladiators Low Poly Arena/Textures/GateArena-Albedo.png
  artifactKey: Guid(bf8eccc80fa89c84c87f991024530a8f) Importer(2089858483,b0f066a214c2f5e87bad3c948f4d605d)
Start importing Assets/FST/Gladiators Low Poly Arena/Textures/GateArena-Albedo.png using Guid(bf8eccc80fa89c84c87f991024530a8f) Importer(2089858483,b0f066a214c2f5e87bad3c948f4d605d) (ScriptedImporter) -> (artifact id: 'f3cf92c34bb5068002b2addeca601cc2') in 0.025088916 seconds
Number of updated asset objects reloaded before import = 0Number of asset objects unloaded after import = 1

========================================================================
Received Import Request.
  Time since last request: 0.000149 seconds.
  path: Assets/FST/Gladiators Low Poly Arena/Materials/plane.mat
  artifactKey: Guid(9e34fa3af83adc04fa00b1229fad3609) Importer(2089858483,b0f066a214c2f5e87bad3c948f4d605d)
Start importing Assets/FST/Gladiators Low Poly Arena/Materials/plane.mat using Guid(9e34fa3af83adc04fa00b1229fad3609) Importer(2089858483,b0f066a214c2f5e87bad3c948f4d605d) (ScriptedImporter) -> (artifact id: '4a3a829b9143e8191cef023f0fafa0d6') in 0.001664083 seconds
Number of updated asset objects reloaded before import = 0Number of asset objects unloaded after import = 1

========================================================================
Received Import Request.
  Time since last request: 0.000103 seconds.
  path: Assets/FST/Gladiators Low Poly Arena/Textures
  artifactKey: Guid(0826df5fb7e4cdf4eaebb0f5f7850c40) Importer(2089858483,b0f066a214c2f5e87bad3c948f4d605d)
Start importing Assets/FST/Gladiators Low Poly Arena/Textures using Guid(0826df5fb7e4cdf4eaebb0f5f7850c40) Importer(2089858483,b0f066a214c2f5e87bad3c948f4d605d) (ScriptedImporter) -> (artifact id: '146ccd011efaeab1beddbdf28ce3ffa5') in 0.000949667 seconds
Number of updated asset objects reloaded before import = 0Number of asset objects unloaded after import = 1

========================================================================
Received Import Request.
  Time since last request: 0.000087 seconds.
  path: Assets/FST/Gladiators Low Poly Arena/Textures/Arena-AO.png
  artifactKey: Guid(c2ad5f3bc7367ad4ea3abf5e97789bb9) Importer(2089858483,b0f066a214c2f5e87bad3c948f4d605d)
Start importing Assets/FST/Gladiators Low Poly Arena/Textures/Arena-AO.png using Guid(c2ad5f3bc7367ad4ea3abf5e97789bb9) Importer(2089858483,b0f066a214c2f5e87bad3c948f4d605d) (ScriptedImporter) -> (artifact id: '929f24471afb1c11bba21eb620c20a1f') in 0.004312334 seconds
Number of updated asset objects reloaded before import = 0Number of asset objects unloaded after import = 1

========================================================================
Received Import Request.
  Time since last request: 0.000065 seconds.
  path: Assets/FST/Gladiators Low Poly Arena/Materials/ArenaGate.mat
  artifactKey: Guid(f15102c53ac84594a9c1a64bfa312c66) Importer(2089858483,b0f066a214c2f5e87bad3c948f4d605d)
Start importing Assets/FST/Gladiators Low Poly Arena/Materials/ArenaGate.mat using Guid(f15102c53ac84594a9c1a64bfa312c66) Importer(2089858483,b0f066a214c2f5e87bad3c948f4d605d) (ScriptedImporter) -> (artifact id: 'cc8ad61c411311dcc639f01859f4849f') in 0.003107375 seconds
Number of updated asset objects reloaded before import = 0Number of asset objects unloaded after import = 4

========================================================================
Received Import Request.
  Time since last request: 0.000123 seconds.
  path: Assets/FST/Gladiators Low Poly Arena/Textures/Flags-NM.png
  artifactKey: Guid(7bdc17845795d424c9a2cc0213219549) Importer(2089858483,b0f066a214c2f5e87bad3c948f4d605d)
Start importing Assets/FST/Gladiators Low Poly Arena/Textures/Flags-NM.png using Guid(7bdc17845795d424c9a2cc0213219549) Importer(2089858483,b0f066a214c2f5e87bad3c948f4d605d) (ScriptedImporter) -> (artifact id: '74230d36d3e346c232e49772fad36b2d') in 0.0034755 seconds
Number of updated asset objects reloaded before import = 0Number of asset objects unloaded after import = 1

========================================================================
Received Import Request.
  Time since last request: 0.000064 seconds.
  path: Assets/FST/Gladiators Low Poly Arena/Textures/WoodSpikes-AO.png
  artifactKey: Guid(7b168262c0343be41abb913e9fa1922e) Importer(2089858483,b0f066a214c2f5e87bad3c948f4d605d)
Start importing Assets/FST/Gladiators Low Poly Arena/Textures/WoodSpikes-AO.png using Guid(7b168262c0343be41abb913e9fa1922e) Importer(2089858483,b0f066a214c2f5e87bad3c948f4d605d) (ScriptedImporter) -> (artifact id: 'a371433adb273cc51e51680fb60c544e') in 0.004071916 seconds
Number of updated asset objects reloaded before import = 0Number of asset objects unloaded after import = 1

========================================================================
Received Import Request.
  Time since last request: 0.000066 seconds.
  path: Assets/FST/Gladiators Low Poly Arena/Textures/Pillars-AO.png
  artifactKey: Guid(f6fe7573fcba8b44eb8b196b9de85de3) Importer(2089858483,b0f066a214c2f5e87bad3c948f4d605d)
Start importing Assets/FST/Gladiators Low Poly Arena/Textures/Pillars-AO.png using Guid(f6fe7573fcba8b44eb8b196b9de85de3) Importer(2089858483,b0f066a214c2f5e87bad3c948f4d605d) (ScriptedImporter) -> (artifact id: 'fc68abd7980b02871d28e458ed104a9e') in 0.003325459 seconds
Number of updated asset objects reloaded before import = 0Number of asset objects unloaded after import = 1

========================================================================
Received Import Request.
  Time since last request: 0.000061 seconds.
  path: Assets/FST/Gladiators Low Poly Arena/Textures/WoodSpikes-NM.png
  artifactKey: Guid(399427ee6d10f0f4cba969a01ce98d01) Importer(2089858483,b0f066a214c2f5e87bad3c948f4d605d)
Start importing Assets/FST/Gladiators Low Poly Arena/Textures/WoodSpikes-NM.png using Guid(399427ee6d10f0f4cba969a01ce98d01) Importer(2089858483,b0f066a214c2f5e87bad3c948f4d605d) (ScriptedImporter) -> (artifact id: 'd6506df3956c0b989300dc88c8be50eb') in 0.004125 seconds
Number of updated asset objects reloaded before import = 0Number of asset objects unloaded after import = 1

========================================================================
Received Import Request.
  Time since last request: 0.000151 seconds.
  path: Assets/FST/Gladiators Low Poly Arena/Textures/FlagPole-NM.png
  artifactKey: Guid(5c0186702d6fa1c42a55597d6a13100a) Importer(2089858483,b0f066a214c2f5e87bad3c948f4d605d)
Start importing Assets/FST/Gladiators Low Poly Arena/Textures/FlagPole-NM.png using Guid(5c0186702d6fa1c42a55597d6a13100a) Importer(2089858483,b0f066a214c2f5e87bad3c948f4d605d) (ScriptedImporter) -> (artifact id: '96de29088c09ab2f2318c72c3f131ea6') in 0.004165375 seconds
Number of updated asset objects reloaded before import = 0Number of asset objects unloaded after import = 1

========================================================================
Received Import Request.
  Time since last request: 0.000050 seconds.
  path: Assets/FST/Gladiators Low Poly Arena/Textures/WoodSpikes-Albedo.png
  artifactKey: Guid(85b4237374027844398f08b3eff16578) Importer(2089858483,b0f066a214c2f5e87bad3c948f4d605d)
Start importing Assets/FST/Gladiators Low Poly Arena/Textures/WoodSpikes-Albedo.png using Guid(85b4237374027844398f08b3eff16578) Importer(2089858483,b0f066a214c2f5e87bad3c948f4d605d) (ScriptedImporter) -> (artifact id: '8e23d66050c8297f0093bc5c62716c1b') in 0.00296175 seconds
Number of updated asset objects reloaded before import = 0Number of asset objects unloaded after import = 1

========================================================================
Received Import Request.
  Time since last request: 0.000058 seconds.
  path: Assets/FST/Gladiators Low Poly Arena/Textures/FlagPole-AO.png
  artifactKey: Guid(dcc11fdee51ea8c4faaee95885da39ff) Importer(2089858483,b0f066a214c2f5e87bad3c948f4d605d)
Start importing Assets/FST/Gladiators Low Poly Arena/Textures/FlagPole-AO.png using Guid(dcc11fdee51ea8c4faaee95885da39ff) Importer(2089858483,b0f066a214c2f5e87bad3c948f4d605d) (ScriptedImporter) -> (artifact id: 'ba140ad06649d78b5e3b563126752b62') in 0.003214958 seconds
Number of updated asset objects reloaded before import = 0Number of asset objects unloaded after import = 1

========================================================================
Received Import Request.
  Time since last request: 0.000187 seconds.
  path: Assets/FST/Gladiators Low Poly Arena/Textures/Mechanism-AO.png
  artifactKey: Guid(9718345c54aff5a4ebc325f3ebe7a534) Importer(2089858483,b0f066a214c2f5e87bad3c948f4d605d)
Start importing Assets/FST/Gladiators Low Poly Arena/Textures/Mechanism-AO.png using Guid(9718345c54aff5a4ebc325f3ebe7a534) Importer(2089858483,b0f066a214c2f5e87bad3c948f4d605d) (ScriptedImporter) -> (artifact id: 'eb4066b62584bee7850bf67627624d8e') in 0.004159125 seconds
Number of updated asset objects reloaded before import = 0Number of asset objects unloaded after import = 1

========================================================================
Received Import Request.
  Time since last request: 0.000369 seconds.
  path: Assets/FST/Gladiators Low Poly Arena/Textures/GateArena-AO.png
  artifactKey: Guid(92f6fabd0f39a1646afc55a47dd24f11) Importer(2089858483,b0f066a214c2f5e87bad3c948f4d605d)
Start importing Assets/FST/Gladiators Low Poly Arena/Textures/GateArena-AO.png using Guid(92f6fabd0f39a1646afc55a47dd24f11) Importer(2089858483,b0f066a214c2f5e87bad3c948f4d605d) (ScriptedImporter) -> (artifact id: '69b4681ff20fff312436b9bf27f7b2ba') in 0.003434375 seconds
Number of updated asset objects reloaded before import = 0Number of asset objects unloaded after import = 1

========================================================================
Received Import Request.
  Time since last request: 0.000186 seconds.
  path: Assets/FST/Gladiators Low Poly Arena/Textures/Flags-AO.png
  artifactKey: Guid(0b2b0b3d2c4cfda45aaf3fe4c1fa999e) Importer(2089858483,b0f066a214c2f5e87bad3c948f4d605d)
Start importing Assets/FST/Gladiators Low Poly Arena/Textures/Flags-AO.png using Guid(0b2b0b3d2c4cfda45aaf3fe4c1fa999e) Importer(2089858483,b0f066a214c2f5e87bad3c948f4d605d) (ScriptedImporter) -> (artifact id: '8155b4fec0c4189215c5d305af07e60d') in 0.003359542 seconds
Number of updated asset objects reloaded before import = 0Number of asset objects unloaded after import = 1

========================================================================
Received Import Request.
  Time since last request: 0.000177 seconds.
  path: Assets/FST/Gladiators Low Poly Arena/Textures/Pillars-Albedo.png
  artifactKey: Guid(5b59fbf70dbe52c4c9212b68ae1f7842) Importer(2089858483,b0f066a214c2f5e87bad3c948f4d605d)
Start importing Assets/FST/Gladiators Low Poly Arena/Textures/Pillars-Albedo.png using Guid(5b59fbf70dbe52c4c9212b68ae1f7842) Importer(2089858483,b0f066a214c2f5e87bad3c948f4d605d) (ScriptedImporter) -> (artifact id: 'ef657b213fa154a9ac6aafe13e34887b') in 0.003940209 seconds
Number of updated asset objects reloaded before import = 0Number of asset objects unloaded after import = 1

========================================================================
Received Import Request.
  Time since last request: 0.000215 seconds.
  path: Assets/FST/Gladiators Low Poly Arena/Textures/Mechanism-Albedo.png
  artifactKey: Guid(a515ad33c41fb0f47b8d47e3ee3f94e5) Importer(2089858483,b0f066a214c2f5e87bad3c948f4d605d)
Start importing Assets/FST/Gladiators Low Poly Arena/Textures/Mechanism-Albedo.png using Guid(a515ad33c41fb0f47b8d47e3ee3f94e5) Importer(2089858483,b0f066a214c2f5e87bad3c948f4d605d) (ScriptedImporter) -> (artifact id: 'ff3f3256a6ee86d1102f2610ee0703e2') in 0.004207709 seconds
Number of updated asset objects reloaded before import = 0Number of asset objects unloaded after import = 1

========================================================================
Received Import Request.
  Time since last request: 0.000181 seconds.
  path: Assets/FST/Gladiators Low Poly Arena/Textures/Arena-NM.png
  artifactKey: Guid(6d7cd774906d788409069b881209e1c7) Importer(2089858483,b0f066a214c2f5e87bad3c948f4d605d)
Start importing Assets/FST/Gladiators Low Poly Arena/Textures/Arena-NM.png using Guid(6d7cd774906d788409069b881209e1c7) Importer(2089858483,b0f066a214c2f5e87bad3c948f4d605d) (ScriptedImporter) -> (artifact id: '1ff1b7e651f36cfeb3a8574613e80412') in 0.003719708 seconds
Number of updated asset objects reloaded before import = 0Number of asset objects unloaded after import = 1

========================================================================
Received Import Request.
  Time since last request: 0.000181 seconds.
  path: Assets/FST/Gladiators Low Poly Arena/Materials/ArenaMaterial.mat
  artifactKey: Guid(c07a83a7d48b561409f63d90157db441) Importer(2089858483,b0f066a214c2f5e87bad3c948f4d605d)
Start importing Assets/FST/Gladiators Low Poly Arena/Materials/ArenaMaterial.mat using Guid(c07a83a7d48b561409f63d90157db441) Importer(2089858483,b0f066a214c2f5e87bad3c948f4d605d) (ScriptedImporter) -> (artifact id: 'a268239c1a59b04327f64872114de29c') in 0.003357041 seconds
Number of updated asset objects reloaded before import = 0Number of asset objects unloaded after import = 4

========================================================================
Received Prepare
Refreshing native plugins compatible for Editor in 0.00 ms, found 0 plugins.
Preloading 0 native plugins for Editor in 0.00 ms.
Unloading 0 Unused Serialized files (Serialized files now loaded: 0)
Unloading 64 unused Assets / (1.0 KB). Loaded Objects now: 661.
Memory consumption went from 61.7 MB to 61.7 MB.
Total: 3.675833 ms (FindLiveObjects: 0.019917 ms CreateObjectMapping: 0.003708 ms MarkObjects: 3.633833 ms  DeleteObjects: 0.017958 ms)

Prepare: number of updated asset objects reloaded= 0
========================================================================
Received Import Request.
  Time since last request: 5.992607 seconds.
  path: Assets/SiuniaevCharacters/02_Golem/Animators/GolemAnimator.controller
  artifactKey: Guid(46b863770b0b07a41b0bd29637994634) Importer(2089858483,b0f066a214c2f5e87bad3c948f4d605d)
Start importing Assets/SiuniaevCharacters/02_Golem/Animators/GolemAnimator.controller using Guid(46b863770b0b07a41b0bd29637994634) Importer(2089858483,b0f066a214c2f5e87bad3c948f4d605d) (ScriptedImporter) -> (artifact id: '24c96fdb341a1e409d235d78001a7af1') in 0.003217625 seconds
Number of updated asset objects reloaded before import = 0Number of asset objects unloaded after import = 52

========================================================================
Received Import Request.
  Time since last request: 0.000038 seconds.
  path: Assets/SiuniaevCharacters/02_Golem
  artifactKey: Guid(e9fe38a22659c4cb5ae27dbe5b13d756) Importer(2089858483,b0f066a214c2f5e87bad3c948f4d605d)
Start importing Assets/SiuniaevCharacters/02_Golem using Guid(e9fe38a22659c4cb5ae27dbe5b13d756) Importer(2089858483,b0f066a214c2f5e87bad3c948f4d605d) (ScriptedImporter) -> (artifact id: '615a616fca2df255ee2166844d4a98ca') in 0.001627208 seconds
Number of updated asset objects reloaded before import = 0Number of asset objects unloaded after import = 1

========================================================================
Received Import Request.
  Time since last request: 0.000152 seconds.
  path: Assets/SiuniaevCharacters/02_Golem/Models/3dsmax/Golem_3dmax_2013_2014_2015_2016.rar
  artifactKey: Guid(5459766969d1e28488123268f327d71e) Importer(2089858483,b0f066a214c2f5e87bad3c948f4d605d)
Start importing Assets/SiuniaevCharacters/02_Golem/Models/3dsmax/Golem_3dmax_2013_2014_2015_2016.rar using Guid(5459766969d1e28488123268f327d71e) Importer(2089858483,b0f066a214c2f5e87bad3c948f4d605d) (ScriptedImporter) -> (artifact id: 'ca108260347bf4eb0d49e8f6fd943a2e') in 0.001020292 seconds
Number of updated asset objects reloaded before import = 0Number of asset objects unloaded after import = 1

========================================================================
Received Import Request.
  Time since last request: 0.000067 seconds.
  path: Assets/SiuniaevCharacters/02_Golem/Prefabs/GolemPrefab.prefab
  artifactKey: Guid(e812c04705f47d645beb13e90ec0ff93) Importer(2089858483,b0f066a214c2f5e87bad3c948f4d605d)
Start importing Assets/SiuniaevCharacters/02_Golem/Prefabs/GolemPrefab.prefab using Guid(e812c04705f47d645beb13e90ec0ff93) Importer(2089858483,b0f066a214c2f5e87bad3c948f4d605d) (ScriptedImporter) -> (artifact id: '389c96cfa6a9ddf81f5eae129e5e2ced') in 0.010088916 seconds
Number of updated asset objects reloaded before import = 0Number of asset objects unloaded after import = 48

========================================================================
Received Import Request.
  Time since last request: 17.276013 seconds.
  path: Assets/FourEvilDragonsHP/Animations/DragonSoulEater/Scream.fbx
  artifactKey: Guid(8b0b248c4105fd841aad612f61769ae9) Importer(2089858483,b0f066a214c2f5e87bad3c948f4d605d)
Start importing Assets/FourEvilDragonsHP/Animations/DragonSoulEater/Scream.fbx using Guid(8b0b248c4105fd841aad612f61769ae9) Importer(2089858483,b0f066a214c2f5e87bad3c948f4d605d) (ScriptedImporter) -> (artifact id: '410a73c72a5c3e4bcd982d72b0dbb0c1') in 0.021427208 seconds
Number of updated asset objects reloaded before import = 0Number of asset objects unloaded after import = 133

========================================================================
Received Import Request.
  Time since last request: 0.000027 seconds.
  path: Assets/FourEvilDragonsHP/Materials/DragonSoulEater/RedHP.mat
  artifactKey: Guid(483bc84e9c06fb74a978565bf66ff42d) Importer(2089858483,b0f066a214c2f5e87bad3c948f4d605d)
Start importing Assets/FourEvilDragonsHP/Materials/DragonSoulEater/RedHP.mat using Guid(483bc84e9c06fb74a978565bf66ff42d) Importer(2089858483,b0f066a214c2f5e87bad3c948f4d605d) (ScriptedImporter) -> (artifact id: 'a0c7158db5bcef51d4b3a9b6fa8f7305') in 0.025987375 seconds
Number of updated asset objects reloaded before import = 0Number of asset objects unloaded after import = 2

========================================================================
Received Import Request.
  Time since last request: 0.000046 seconds.
  path: Assets/FourEvilDragonsHP/Animations/DragonUsurper/Scream.fbx
  artifactKey: Guid(497f35860988216419561f5b7835a430) Importer(2089858483,b0f066a214c2f5e87bad3c948f4d605d)
Start importing Assets/FourEvilDragonsHP/Animations/DragonUsurper/Scream.fbx using Guid(497f35860988216419561f5b7835a430) Importer(2089858483,b0f066a214c2f5e87bad3c948f4d605d) (ScriptedImporter) -> (artifact id: 'a1647ea9620753224acb50a703d58e31') in 0.007286208 seconds
Number of updated asset objects reloaded before import = 0Number of asset objects unloaded after import = 249

========================================================================
Received Import Request.
  Time since last request: 0.000032 seconds.
  path: Assets/FourEvilDragonsHP/Animations/DragonNightMare/walkRight.fbx
  artifactKey: Guid(0d450e707f0b2d646b814fe61b117d4b) Importer(2089858483,b0f066a214c2f5e87bad3c948f4d605d)
Start importing Assets/FourEvilDragonsHP/Animations/DragonNightMare/walkRight.fbx using Guid(0d450e707f0b2d646b814fe61b117d4b) Importer(2089858483,b0f066a214c2f5e87bad3c948f4d605d) (ScriptedImporter) -> (artifact id: 'b4e6a4478954dbcd5b29825add12d39a') in 0.005852875 seconds
Number of updated asset objects reloaded before import = 0Number of asset objects unloaded after import = 155

========================================================================
Received Import Request.
  Time since last request: 0.000030 seconds.
  path: Assets/FourEvilDragonsHP/Texture/DragonTerrorBringer
  artifactKey: Guid(a31e3a64dd9aa104d803723e365a760b) Importer(2089858483,b0f066a214c2f5e87bad3c948f4d605d)
Start importing Assets/FourEvilDragonsHP/Texture/DragonTerrorBringer using Guid(a31e3a64dd9aa104d803723e365a760b) Importer(2089858483,b0f066a214c2f5e87bad3c948f4d605d) (ScriptedImporter) -> (artifact id: '5dc48da27ef4f6f42efec5a336a6a0a5') in 0.000931958 seconds
Number of updated asset objects reloaded before import = 0Number of asset objects unloaded after import = 1

========================================================================
Received Import Request.
  Time since last request: 0.000201 seconds.
  path: Assets/FourEvilDragonsHP/Materials/DragonSoulEater/GreenHP.mat
  artifactKey: Guid(1b51484aceb3349479b6c084713a5517) Importer(2089858483,b0f066a214c2f5e87bad3c948f4d605d)
Start importing Assets/FourEvilDragonsHP/Materials/DragonSoulEater/GreenHP.mat using Guid(1b51484aceb3349479b6c084713a5517) Importer(2089858483,b0f066a214c2f5e87bad3c948f4d605d) (ScriptedImporter) -> (artifact id: '79edd188955c8c537bc72fd0d3afad4f') in 0.004395125 seconds
Number of updated asset objects reloaded before import = 0Number of asset objects unloaded after import = 2

========================================================================
Received Import Request.
  Time since last request: 0.000141 seconds.
  path: Assets/FourEvilDragonsHP/Animations/DragonUsurper/FlyGlide.fbx
  artifactKey: Guid(14d524dd6d57c094da8d73fee5077c6d) Importer(2089858483,b0f066a214c2f5e87bad3c948f4d605d)
Start importing Assets/FourEvilDragonsHP/Animations/DragonUsurper/FlyGlide.fbx using Guid(14d524dd6d57c094da8d73fee5077c6d) Importer(2089858483,b0f066a214c2f5e87bad3c948f4d605d) (ScriptedImporter) -> (artifact id: '409c576597eb8fd08c81acd7fd38a1ac') in 0.007386083 seconds
Number of updated asset objects reloaded before import = 0Number of asset objects unloaded after import = 249

========================================================================
Received Import Request.
  Time since last request: 0.000031 seconds.
  path: Assets/FourEvilDragonsHP/Animators/UsurperCTRL.controller
  artifactKey: Guid(5bd61d42e42f44b4a922495212e06f3f) Importer(2089858483,b0f066a214c2f5e87bad3c948f4d605d)
Start importing Assets/FourEvilDragonsHP/Animators/UsurperCTRL.controller using Guid(5bd61d42e42f44b4a922495212e06f3f) Importer(2089858483,b0f066a214c2f5e87bad3c948f4d605d) (ScriptedImporter) -> (artifact id: 'b49964f64d887c7c66f312627821876f') in 0.009116083 seconds
Number of updated asset objects reloaded before import = 0Number of asset objects unloaded after import = 56

========================================================================
Received Import Request.
  Time since last request: 0.000047 seconds.
  path: Assets/FourEvilDragonsHP/Animations/DragonNightMare/walkLeft.fbx
  artifactKey: Guid(f0e26e0f2a772af4a95ec08b88a49302) Importer(2089858483,b0f066a214c2f5e87bad3c948f4d605d)
Start importing Assets/FourEvilDragonsHP/Animations/DragonNightMare/walkLeft.fbx using Guid(f0e26e0f2a772af4a95ec08b88a49302) Importer(2089858483,b0f066a214c2f5e87bad3c948f4d605d) (ScriptedImporter) -> (artifact id: 'f20fb725ba61ee5159e54a3bc73e55f7') in 0.006189083 seconds
Number of updated asset objects reloaded before import = 0Number of asset objects unloaded after import = 155

========================================================================
Received Import Request.
  Time since last request: 0.000029 seconds.
  path: Assets/FourEvilDragonsHP/Texture/DragonNightmare/DarkblueHP.png
  artifactKey: Guid(83df07905e20b824d8be5a7ce7876c00) Importer(2089858483,b0f066a214c2f5e87bad3c948f4d605d)
Start importing Assets/FourEvilDragonsHP/Texture/DragonNightmare/DarkblueHP.png using Guid(83df07905e20b824d8be5a7ce7876c00) Importer(2089858483,b0f066a214c2f5e87bad3c948f4d605d) (ScriptedImporter) -> (artifact id: '625a8f6afb10d37442882b8fcdff0552') in 0.006179 seconds
Number of updated asset objects reloaded before import = 0Number of asset objects unloaded after import = 1

========================================================================
Received Import Request.
  Time since last request: 0.000057 seconds.
  path: Assets/FourEvilDragonsHP/Animations/DragonTerrorBringer/Run.fbx
  artifactKey: Guid(9700edab3a23d7d408e78a7cb99cf41d) Importer(2089858483,b0f066a214c2f5e87bad3c948f4d605d)
Start importing Assets/FourEvilDragonsHP/Animations/DragonTerrorBringer/Run.fbx using Guid(9700edab3a23d7d408e78a7cb99cf41d) Importer(2089858483,b0f066a214c2f5e87bad3c948f4d605d) (ScriptedImporter) -> (artifact id: 'a89adadb56129bd306e68646120de7c3') in 0.005448083 seconds
Number of updated asset objects reloaded before import = 0Number of asset objects unloaded after import = 178

========================================================================
Received Import Request.
  Time since last request: 0.000062 seconds.
  path: Assets/FourEvilDragonsHP/Animations/DragonSoulEater/Die.fbx
  artifactKey: Guid(6f83b9d81f8c7854baeca6ff691bb0c1) Importer(2089858483,b0f066a214c2f5e87bad3c948f4d605d)
Start importing Assets/FourEvilDragonsHP/Animations/DragonSoulEater/Die.fbx using Guid(6f83b9d81f8c7854baeca6ff691bb0c1) Importer(2089858483,b0f066a214c2f5e87bad3c948f4d605d) (ScriptedImporter) -> (artifact id: '86988c97a7caf241cda5c4fdd341211f') in 0.006661834 seconds
Number of updated asset objects reloaded before import = 0Number of asset objects unloaded after import = 133

========================================================================
Received Import Request.
  Time since last request: 0.000027 seconds.
  path: Assets/FourEvilDragonsHP/Prefab
  artifactKey: Guid(4375e93352605df4cbdaa1c202fbe8e6) Importer(2089858483,b0f066a214c2f5e87bad3c948f4d605d)
Start importing Assets/FourEvilDragonsHP/Prefab using Guid(4375e93352605df4cbdaa1c202fbe8e6) Importer(2089858483,b0f066a214c2f5e87bad3c948f4d605d) (ScriptedImporter) -> (artifact id: '13f3fc238a26b891660f6420a917ad0c') in 0.000963958 seconds
Number of updated asset objects reloaded before import = 0Number of asset objects unloaded after import = 1

========================================================================
Received Import Request.
  Time since last request: 0.000068 seconds.
  path: Assets/FourEvilDragonsHP/Prefab/DragonSoulEater/Green.prefab
  artifactKey: Guid(88e480c990c9d6a458b5fc85fe1da2aa) Importer(2089858483,b0f066a214c2f5e87bad3c948f4d605d)
Start importing Assets/FourEvilDragonsHP/Prefab/DragonSoulEater/Green.prefab using Guid(88e480c990c9d6a458b5fc85fe1da2aa) Importer(2089858483,b0f066a214c2f5e87bad3c948f4d605d) (ScriptedImporter) -> (artifact id: '92b98360f48ad6a7ca610333b079e81a') in 0.008553625 seconds
Number of updated asset objects reloaded before import = 0Number of asset objects unloaded after import = 185

========================================================================
Received Import Request.
  Time since last request: 0.000033 seconds.
  path: Assets/FourEvilDragonsHP/Texture/DragonNightmare/AlbinoHP.png
  artifactKey: Guid(567379e57808cd747b2f0e08790e0d76) Importer(2089858483,b0f066a214c2f5e87bad3c948f4d605d)
Start importing Assets/FourEvilDragonsHP/Texture/DragonNightmare/AlbinoHP.png using Guid(567379e57808cd747b2f0e08790e0d76) Importer(2089858483,b0f066a214c2f5e87bad3c948f4d605d) (ScriptedImporter) -> (artifact id: 'f24107bc5cbd8682bf3acfaef8a92146') in 0.006390625 seconds
Number of updated asset objects reloaded before import = 0Number of asset objects unloaded after import = 1

========================================================================
Received Import Request.
  Time since last request: 0.000059 seconds.
  path: Assets/FourEvilDragonsHP/Animations/DragonNightMare
  artifactKey: Guid(6a8b5480e0c64544a912f4218b0519bc) Importer(2089858483,b0f066a214c2f5e87bad3c948f4d605d)
Start importing Assets/FourEvilDragonsHP/Animations/DragonNightMare using Guid(6a8b5480e0c64544a912f4218b0519bc) Importer(2089858483,b0f066a214c2f5e87bad3c948f4d605d) (ScriptedImporter) -> (artifact id: '32ad8993f8c7719b16cb08d19b8bd4dc') in 0.000801167 seconds
Number of updated asset objects reloaded before import = 0Number of asset objects unloaded after import = 1

========================================================================
Received Import Request.
  Time since last request: 0.000119 seconds.
  path: Assets/FourEvilDragonsHP/Mesh/DragonSoulEaterMesh.fbx
  artifactKey: Guid(063e65bf9ea59ea44bb459f4b7490fd3) Importer(2089858483,b0f066a214c2f5e87bad3c948f4d605d)
Start importing Assets/FourEvilDragonsHP/Mesh/DragonSoulEaterMesh.fbx using Guid(063e65bf9ea59ea44bb459f4b7490fd3) Importer(2089858483,b0f066a214c2f5e87bad3c948f4d605d) (ScriptedImporter) -> (artifact id: '2d234e340133469fc679a77745244036') in 0.004794708 seconds
Number of updated asset objects reloaded before import = 0Number of asset objects unloaded after import = 132

========================================================================
Received Import Request.
  Time since last request: 0.000028 seconds.
  path: Assets/FourEvilDragonsHP/Animations/DragonTerrorBringer/FlyForward.fbx
  artifactKey: Guid(d1facc13bc40c14408f2106cf788a7fd) Importer(2089858483,b0f066a214c2f5e87bad3c948f4d605d)
Start importing Assets/FourEvilDragonsHP/Animations/DragonTerrorBringer/FlyForward.fbx using Guid(d1facc13bc40c14408f2106cf788a7fd) Importer(2089858483,b0f066a214c2f5e87bad3c948f4d605d) (ScriptedImporter) -> (artifact id: 'e80bb4b959c112e22e355fc576afe979') in 0.005388958 seconds
Number of updated asset objects reloaded before import = 0Number of asset objects unloaded after import = 177

========================================================================
Received Import Request.
  Time since last request: 0.000026 seconds.
  path: Assets/FourEvilDragonsHP/Animations/DragonUsurper/attackFlame.fbx
  artifactKey: Guid(f3c4af16992f14c43a050675b9be2f68) Importer(2089858483,b0f066a214c2f5e87bad3c948f4d605d)
Start importing Assets/FourEvilDragonsHP/Animations/DragonUsurper/attackFlame.fbx using Guid(f3c4af16992f14c43a050675b9be2f68) Importer(2089858483,b0f066a214c2f5e87bad3c948f4d605d) (ScriptedImporter) -> (artifact id: 'be5e1853fd80bea4174ea178cfe3d35f') in 0.006810666 seconds
Number of updated asset objects reloaded before import = 0Number of asset objects unloaded after import = 249

========================================================================
Received Import Request.
  Time since last request: 0.000039 seconds.
  path: Assets/FourEvilDragonsHP/Animations/DragonUsurper/FlyFlame.fbx
  artifactKey: Guid(5d9e1f89045bd0946b0908d6f9d29050) Importer(2089858483,b0f066a214c2f5e87bad3c948f4d605d)
Start importing Assets/FourEvilDragonsHP/Animations/DragonUsurper/FlyFlame.fbx using Guid(5d9e1f89045bd0946b0908d6f9d29050) Importer(2089858483,b0f066a214c2f5e87bad3c948f4d605d) (ScriptedImporter) -> (artifact id: '835a024fbd8c5b91699b97e7997cfbe9') in 0.006934916 seconds
Number of updated asset objects reloaded before import = 0Number of asset objects unloaded after import = 249

========================================================================
Received Import Request.
  Time since last request: 0.000029 seconds.
  path: Assets/FourEvilDragonsHP/Animations/DragonUsurper
  artifactKey: Guid(ddc44a3bdbfa28347a7d6699cc7c3cfc) Importer(2089858483,b0f066a214c2f5e87bad3c948f4d605d)
Start importing Assets/FourEvilDragonsHP/Animations/DragonUsurper using Guid(ddc44a3bdbfa28347a7d6699cc7c3cfc) Importer(2089858483,b0f066a214c2f5e87bad3c948f4d605d) (ScriptedImporter) -> (artifact id: '07f30be6c81af9138b843419b2eac5c0') in 0.000785666 seconds
Number of updated asset objects reloaded before import = 0Number of asset objects unloaded after import = 1

========================================================================
Received Import Request.
  Time since last request: 0.000106 seconds.
  path: Assets/FourEvilDragonsHP/Animations/DragonNightMare/getHit.fbx
  artifactKey: Guid(a640f611148020047b485abcfdbb49cf) Importer(2089858483,b0f066a214c2f5e87bad3c948f4d605d)
Start importing Assets/FourEvilDragonsHP/Animations/DragonNightMare/getHit.fbx using Guid(a640f611148020047b485abcfdbb49cf) Importer(2089858483,b0f066a214c2f5e87bad3c948f4d605d) (ScriptedImporter) -> (artifact id: '0173384ea2f2c5910838dc4267b195b8') in 0.00670775 seconds
Number of updated asset objects reloaded before import = 0Number of asset objects unloaded after import = 155

========================================================================
Received Import Request.
  Time since last request: 0.000030 seconds.
  path: Assets/FourEvilDragonsHP/Prefab/DragonTerrorBringer
  artifactKey: Guid(318ed8b844006974bafd7411323cfa4a) Importer(2089858483,b0f066a214c2f5e87bad3c948f4d605d)
Start importing Assets/FourEvilDragonsHP/Prefab/DragonTerrorBringer using Guid(318ed8b844006974bafd7411323cfa4a) Importer(2089858483,b0f066a214c2f5e87bad3c948f4d605d) (ScriptedImporter) -> (artifact id: '5d39b4587c86148a2427d45e6ad98409') in 0.000751875 seconds
Number of updated asset objects reloaded before import = 0Number of asset objects unloaded after import = 1

========================================================================
Received Import Request.
  Time since last request: 0.000080 seconds.
  path: Assets/FourEvilDragonsHP/Animations/DragonTerrorBringer/Basic Attack.fbx
  artifactKey: Guid(601b9e9a8720f834fb218a15d9f3ae63) Importer(2089858483,b0f066a214c2f5e87bad3c948f4d605d)
Start importing Assets/FourEvilDragonsHP/Animations/DragonTerrorBringer/Basic Attack.fbx using Guid(601b9e9a8720f834fb218a15d9f3ae63) Importer(2089858483,b0f066a214c2f5e87bad3c948f4d605d) (ScriptedImporter) -> (artifact id: '5abcf53542e2145f4298ce7d29269e80') in 0.0060055 seconds
Number of updated asset objects reloaded before import = 0Number of asset objects unloaded after import = 177

========================================================================
Received Import Request.
  Time since last request: 0.000032 seconds.
  path: Assets/FourEvilDragonsHP/Materials/DragonNightmare/BlueHP.mat
  artifactKey: Guid(81d2b67dc7484724095d4343217c4e31) Importer(2089858483,b0f066a214c2f5e87bad3c948f4d605d)
Start importing Assets/FourEvilDragonsHP/Materials/DragonNightmare/BlueHP.mat using Guid(81d2b67dc7484724095d4343217c4e31) Importer(2089858483,b0f066a214c2f5e87bad3c948f4d605d) (ScriptedImporter) -> (artifact id: '4a09cdb4338f0919ed6ba970f30406d3') in 0.004613416 seconds
Number of updated asset objects reloaded before import = 0Number of asset objects unloaded after import = 2

========================================================================
Received Import Request.
  Time since last request: 0.000047 seconds.
  path: Assets/FourEvilDragonsHP/Animations/DragonTerrorBringer/die.fbx
  artifactKey: Guid(49d0a594e1ca9d54ca3e17fb24d28f5c) Importer(2089858483,b0f066a214c2f5e87bad3c948f4d605d)
Start importing Assets/FourEvilDragonsHP/Animations/DragonTerrorBringer/die.fbx using Guid(49d0a594e1ca9d54ca3e17fb24d28f5c) Importer(2089858483,b0f066a214c2f5e87bad3c948f4d605d) (ScriptedImporter) -> (artifact id: '1ceed30e8612c0717fb8c4ac92783296') in 0.005783417 seconds
Number of updated asset objects reloaded before import = 0Number of asset objects unloaded after import = 177

========================================================================
Received Import Request.
  Time since last request: 0.000027 seconds.
  path: Assets/FourEvilDragonsHP/Prefab/DragonSoulEater
  artifactKey: Guid(8d080fb65bf4b9d4b890aefb0b412a51) Importer(2089858483,b0f066a214c2f5e87bad3c948f4d605d)
Start importing Assets/FourEvilDragonsHP/Prefab/DragonSoulEater using Guid(8d080fb65bf4b9d4b890aefb0b412a51) Importer(2089858483,b0f066a214c2f5e87bad3c948f4d605d) (ScriptedImporter) -> (artifact id: '31dc6be87cbbb20f93ef2bb16a75ed71') in 0.001991125 seconds
Number of updated asset objects reloaded before import = 0Number of asset objects unloaded after import = 1

========================================================================
Received Import Request.
  Time since last request: 0.000062 seconds.
  path: Assets/FourEvilDragonsHP/Texture/DragonSoulEater/BlueHP.png
  artifactKey: Guid(11ae2c7ef2ee4f745810a00f1cbbd469) Importer(2089858483,b0f066a214c2f5e87bad3c948f4d605d)
Start importing Assets/FourEvilDragonsHP/Texture/DragonSoulEater/BlueHP.png using Guid(11ae2c7ef2ee4f745810a00f1cbbd469) Importer(2089858483,b0f066a214c2f5e87bad3c948f4d605d) (ScriptedImporter) -> (artifact id: 'ef80e9523524634796292b48623d0273') in 0.006288584 seconds
Number of updated asset objects reloaded before import = 0Number of asset objects unloaded after import = 1

========================================================================
Received Import Request.
  Time since last request: 0.000259 seconds.
  path: Assets/FourEvilDragonsHP/Animators/SouleaterCTRL.controller
  artifactKey: Guid(3705d3d72efc1104fa7fa5b1ae6aa552) Importer(2089858483,b0f066a214c2f5e87bad3c948f4d605d)
Start importing Assets/FourEvilDragonsHP/Animators/SouleaterCTRL.controller using Guid(3705d3d72efc1104fa7fa5b1ae6aa552) Importer(2089858483,b0f066a214c2f5e87bad3c948f4d605d) (ScriptedImporter) -> (artifact id: '48f3d6989e3d5b6bae48fecb6c45a12c') in 0.008179667 seconds
Number of updated asset objects reloaded before import = 0Number of asset objects unloaded after import = 53

========================================================================
Received Import Request.
  Time since last request: 0.000088 seconds.
  path: Assets/FourEvilDragonsHP/Prefab/DragonNightmare/Blue.prefab
  artifactKey: Guid(edd34a89cfe571f4ca766dcca2459bbe) Importer(2089858483,b0f066a214c2f5e87bad3c948f4d605d)
Start importing Assets/FourEvilDragonsHP/Prefab/DragonNightmare/Blue.prefab using Guid(edd34a89cfe571f4ca766dcca2459bbe) Importer(2089858483,b0f066a214c2f5e87bad3c948f4d605d) (ScriptedImporter) -> (artifact id: 'a2fd3500613f171aef206a869d44dd0a') in 0.006967875 seconds
Number of updated asset objects reloaded before import = 0Number of asset objects unloaded after import = 204

========================================================================
Received Import Request.
  Time since last request: 0.000030 seconds.
  path: Assets/FourEvilDragonsHP/Animations/DragonNightMare/die.fbx
  artifactKey: Guid(4b1dcfc331de54549a94b650385f751e) Importer(2089858483,b0f066a214c2f5e87bad3c948f4d605d)
Start importing Assets/FourEvilDragonsHP/Animations/DragonNightMare/die.fbx using Guid(4b1dcfc331de54549a94b650385f751e) Importer(2089858483,b0f066a214c2f5e87bad3c948f4d605d) (ScriptedImporter) -> (artifact id: 'f681a59117dc7021d71282bc9bf9928a') in 0.006037 seconds
Number of updated asset objects reloaded before import = 0Number of asset objects unloaded after import = 155

========================================================================
Received Import Request.
  Time since last request: 0.000028 seconds.
  path: Assets/FourEvilDragonsHP/Animations/DragonUsurper/FlyForward.fbx
  artifactKey: Guid(3ab266bf94f3a1a4bb030eb1b90b8600) Importer(2089858483,b0f066a214c2f5e87bad3c948f4d605d)
Start importing Assets/FourEvilDragonsHP/Animations/DragonUsurper/FlyForward.fbx using Guid(3ab266bf94f3a1a4bb030eb1b90b8600) Importer(2089858483,b0f066a214c2f5e87bad3c948f4d605d) (ScriptedImporter) -> (artifact id: '37ae7dfc7ad80cee60ebb43b01479033') in 0.006723584 seconds
Number of updated asset objects reloaded before import = 0Number of asset objects unloaded after import = 249

========================================================================
Received Import Request.
  Time since last request: 0.000038 seconds.
  path: Assets/FourEvilDragonsHP/Animations/DragonSoulEater/Take Off.fbx
  artifactKey: Guid(24717e004c7ffb84a901d2dfdcc426bf) Importer(2089858483,b0f066a214c2f5e87bad3c948f4d605d)
Start importing Assets/FourEvilDragonsHP/Animations/DragonSoulEater/Take Off.fbx using Guid(24717e004c7ffb84a901d2dfdcc426bf) Importer(2089858483,b0f066a214c2f5e87bad3c948f4d605d) (ScriptedImporter) -> (artifact id: 'd9650518c1ddc362bfd2791d8a7b5d71') in 0.00621925 seconds
Number of updated asset objects reloaded before import = 0Number of asset objects unloaded after import = 133

========================================================================
Received Import Request.
  Time since last request: 0.000038 seconds.
  path: Assets/FourEvilDragonsHP/Animations/DragonTerrorBringer/idle02.fbx
  artifactKey: Guid(cbbe4ed6e6acf294e9df235ff6184874) Importer(2089858483,b0f066a214c2f5e87bad3c948f4d605d)
Start importing Assets/FourEvilDragonsHP/Animations/DragonTerrorBringer/idle02.fbx using Guid(cbbe4ed6e6acf294e9df235ff6184874) Importer(2089858483,b0f066a214c2f5e87bad3c948f4d605d) (ScriptedImporter) -> (artifact id: 'caefe9289af358f849fa102b3116864c') in 0.006252208 seconds
Number of updated asset objects reloaded before import = 0Number of asset objects unloaded after import = 177

========================================================================
Received Import Request.
  Time since last request: 0.268290 seconds.
  path: Assets/FourEvilDragonsHP/Animations/DragonTerrorBringer/FlyAttack.fbx
  artifactKey: Guid(215d9268815c12d4389d713b8b1f8b12) Importer(2089858483,b0f066a214c2f5e87bad3c948f4d605d)
Start importing Assets/FourEvilDragonsHP/Animations/DragonTerrorBringer/FlyAttack.fbx using Guid(215d9268815c12d4389d713b8b1f8b12) Importer(2089858483,b0f066a214c2f5e87bad3c948f4d605d) (ScriptedImporter) -> (artifact id: '2603ca175d1e5db4db33e5ad0cd96e3c') in 0.005926125 seconds
Number of updated asset objects reloaded before import = 0Number of asset objects unloaded after import = 177

========================================================================
Received Import Request.
  Time since last request: 0.000039 seconds.
  path: Assets/FourEvilDragonsHP/Texture/DragonUsurper/PurpleHP.png
  artifactKey: Guid(005cc54167f5bc347bda1b165320388f) Importer(2089858483,b0f066a214c2f5e87bad3c948f4d605d)
Start importing Assets/FourEvilDragonsHP/Texture/DragonUsurper/PurpleHP.png using Guid(005cc54167f5bc347bda1b165320388f) Importer(2089858483,b0f066a214c2f5e87bad3c948f4d605d) (ScriptedImporter) -> (artifact id: '9edc0f17805915e9595c15ba2e59dc9f') in 0.006272167 seconds
Number of updated asset objects reloaded before import = 0Number of asset objects unloaded after import = 1

========================================================================
Received Import Request.
  Time since last request: 0.000097 seconds.
  path: Assets/FourEvilDragonsHP/Materials/DragonTerrorBringer/RedHP.mat
  artifactKey: Guid(3cf5d93e63ceca94da9ffb40a6ed68ed) Importer(2089858483,b0f066a214c2f5e87bad3c948f4d605d)
Start importing Assets/FourEvilDragonsHP/Materials/DragonTerrorBringer/RedHP.mat using Guid(3cf5d93e63ceca94da9ffb40a6ed68ed) Importer(2089858483,b0f066a214c2f5e87bad3c948f4d605d) (ScriptedImporter) -> (artifact id: '3e00b8c52527558cf63c7001933700b0') in 0.005487 seconds
Number of updated asset objects reloaded before import = 0Number of asset objects unloaded after import = 2

========================================================================
Received Import Request.
  Time since last request: 0.000076 seconds.
  path: Assets/FourEvilDragonsHP/Materials/DragonTerrorBringer
  artifactKey: Guid(4623ff13a8b77514e915c6871927fbd2) Importer(2089858483,b0f066a214c2f5e87bad3c948f4d605d)
Start importing Assets/FourEvilDragonsHP/Materials/DragonTerrorBringer using Guid(4623ff13a8b77514e915c6871927fbd2) Importer(2089858483,b0f066a214c2f5e87bad3c948f4d605d) (ScriptedImporter) -> (artifact id: '9b4a294bb2757a22ec88cce3b32fbc3a') in 0.000931958 seconds
Number of updated asset objects reloaded before import = 0Number of asset objects unloaded after import = 1

========================================================================
Received Import Request.
  Time since last request: 0.000179 seconds.
  path: Assets/FourEvilDragonsHP/Texture/DragonTerrorBringer/BlueHP.png
  artifactKey: Guid(2f825827868c75a4fa366c81b5d8b977) Importer(2089858483,b0f066a214c2f5e87bad3c948f4d605d)
Start importing Assets/FourEvilDragonsHP/Texture/DragonTerrorBringer/BlueHP.png using Guid(2f825827868c75a4fa366c81b5d8b977) Importer(2089858483,b0f066a214c2f5e87bad3c948f4d605d) (ScriptedImporter) -> (artifact id: '291ff58724e371c2105c531a9b78b288') in 0.005397833 seconds
Number of updated asset objects reloaded before import = 0Number of asset objects unloaded after import = 1

========================================================================
Received Import Request.
  Time since last request: 0.000193 seconds.
  path: Assets/FourEvilDragonsHP/Materials/Stage.mat
  artifactKey: Guid(34466cf7960487a4380913c62e795ebd) Importer(2089858483,b0f066a214c2f5e87bad3c948f4d605d)
Start importing Assets/FourEvilDragonsHP/Materials/Stage.mat using Guid(34466cf7960487a4380913c62e795ebd) Importer(2089858483,b0f066a214c2f5e87bad3c948f4d605d) (ScriptedImporter) -> (artifact id: '28b6d1b7aec1974bf5b146e03d283834') in 0.00141775 seconds
Number of updated asset objects reloaded before import = 0Number of asset objects unloaded after import = 1

========================================================================
Received Import Request.
  Time since last request: 0.000062 seconds.
  path: Assets/FourEvilDragonsHP/Materials/DragonNightmare/GreenHP.mat
  artifactKey: Guid(ca5605f13d3937e40b508c59662c25fd) Importer(2089858483,b0f066a214c2f5e87bad3c948f4d605d)
Start importing Assets/FourEvilDragonsHP/Materials/DragonNightmare/GreenHP.mat using Guid(ca5605f13d3937e40b508c59662c25fd) Importer(2089858483,b0f066a214c2f5e87bad3c948f4d605d) (ScriptedImporter) -> (artifact id: 'a0a4b79f37bd231f889a0d807564f3aa') in 0.003960208 seconds
Number of updated asset objects reloaded before import = 0Number of asset objects unloaded after import = 2

========================================================================
Received Import Request.
  Time since last request: 0.000037 seconds.
  path: Assets/FourEvilDragonsHP/Animations/DragonTerrorBringer/Defend.fbx
  artifactKey: Guid(44efacea9a9a1394c9a977bd6dd3972c) Importer(2089858483,b0f066a214c2f5e87bad3c948f4d605d)
Start importing Assets/FourEvilDragonsHP/Animations/DragonTerrorBringer/Defend.fbx using Guid(44efacea9a9a1394c9a977bd6dd3972c) Importer(2089858483,b0f066a214c2f5e87bad3c948f4d605d) (ScriptedImporter) -> (artifact id: '1bf8c1b31498ece43ae6b4b844bdb671') in 0.006087833 seconds
Number of updated asset objects reloaded before import = 0Number of asset objects unloaded after import = 177

========================================================================
Received Import Request.
  Time since last request: 0.000060 seconds.
  path: Assets/FourEvilDragonsHP/Scene
  artifactKey: Guid(ca5661a67750c244cbc0e8a0cbe2b134) Importer(2089858483,b0f066a214c2f5e87bad3c948f4d605d)
Start importing Assets/FourEvilDragonsHP/Scene using Guid(ca5661a67750c244cbc0e8a0cbe2b134) Importer(2089858483,b0f066a214c2f5e87bad3c948f4d605d) (ScriptedImporter) -> (artifact id: '576c74e61a661b020dcf85406b00a1c8') in 0.001253209 seconds
Number of updated asset objects reloaded before import = 0Number of asset objects unloaded after import = 1

========================================================================
Received Import Request.
  Time since last request: 0.000101 seconds.
  path: Assets/FourEvilDragonsHP/Texture/DragonTerrorBringer/RedHP.png
  artifactKey: Guid(d39af39ab22387543ad267780dfc7144) Importer(2089858483,b0f066a214c2f5e87bad3c948f4d605d)
Start importing Assets/FourEvilDragonsHP/Texture/DragonTerrorBringer/RedHP.png using Guid(d39af39ab22387543ad267780dfc7144) Importer(2089858483,b0f066a214c2f5e87bad3c948f4d605d) (ScriptedImporter) -> (artifact id: '227735cab2f3abac75b517a994c025b2') in 0.005138083 seconds
Number of updated asset objects reloaded before import = 0Number of asset objects unloaded after import = 1

========================================================================
Received Import Request.
  Time since last request: 0.000150 seconds.
  path: Assets/FourEvilDragonsHP/Animations/DragonSoulEater
  artifactKey: Guid(b808734d0de92764da94ef754997ba91) Importer(2089858483,b0f066a214c2f5e87bad3c948f4d605d)
Start importing Assets/FourEvilDragonsHP/Animations/DragonSoulEater using Guid(b808734d0de92764da94ef754997ba91) Importer(2089858483,b0f066a214c2f5e87bad3c948f4d605d) (ScriptedImporter) -> (artifact id: 'e05d00af5f1eb6458af192447dd6400d') in 0.000819542 seconds
Number of updated asset objects reloaded before import = 0Number of asset objects unloaded after import = 1

========================================================================
Received Import Request.
  Time since last request: 0.000137 seconds.
  path: Assets/FourEvilDragonsHP/Animations/DragonSoulEater/Fly Fireball Shoot.fbx
  artifactKey: Guid(37760f0079ba2124cb0198d37570b625) Importer(2089858483,b0f066a214c2f5e87bad3c948f4d605d)
Start importing Assets/FourEvilDragonsHP/Animations/DragonSoulEater/Fly Fireball Shoot.fbx using Guid(37760f0079ba2124cb0198d37570b625) Importer(2089858483,b0f066a214c2f5e87bad3c948f4d605d) (ScriptedImporter) -> (artifact id: '2a49dfdd8822551515e8004ce5436cff') in 0.0059535 seconds
Number of updated asset objects reloaded before import = 0Number of asset objects unloaded after import = 133

========================================================================
Received Import Request.
  Time since last request: 0.000035 seconds.
  path: Assets/FourEvilDragonsHP/Animations/DragonSoulEater/Sleeping.fbx
  artifactKey: Guid(0b0985d8d75993d4ba1c094379da358c) Importer(2089858483,b0f066a214c2f5e87bad3c948f4d605d)
Start importing Assets/FourEvilDragonsHP/Animations/DragonSoulEater/Sleeping.fbx using Guid(0b0985d8d75993d4ba1c094379da358c) Importer(2089858483,b0f066a214c2f5e87bad3c948f4d605d) (ScriptedImporter) -> (artifact id: 'ddcdecd226271a9ccd6af3fdbbec2d03') in 0.007640625 seconds
Number of updated asset objects reloaded before import = 0Number of asset objects unloaded after import = 133

========================================================================
Received Import Request.
  Time since last request: 0.000030 seconds.
  path: Assets/FourEvilDragonsHP/Scene/UsurperScene.unity
  artifactKey: Guid(cba58fffeb4be854491c94a10cb5f486) Importer(2089858483,b0f066a214c2f5e87bad3c948f4d605d)
Start importing Assets/FourEvilDragonsHP/Scene/UsurperScene.unity using Guid(cba58fffeb4be854491c94a10cb5f486) Importer(2089858483,b0f066a214c2f5e87bad3c948f4d605d) (ScriptedImporter) -> (artifact id: '3b5d504f286f51785f62026c8c27a72e') in 0.001233875 seconds
Number of updated asset objects reloaded before import = 0Number of asset objects unloaded after import = 1

========================================================================
Received Import Request.
  Time since last request: 0.000108 seconds.
  path: Assets/FourEvilDragonsHP/Animations/DragonSoulEater/Land.fbx
  artifactKey: Guid(9b846aa063f67a34b80cef9a15befe38) Importer(2089858483,b0f066a214c2f5e87bad3c948f4d605d)
Start importing Assets/FourEvilDragonsHP/Animations/DragonSoulEater/Land.fbx using Guid(9b846aa063f67a34b80cef9a15befe38) Importer(2089858483,b0f066a214c2f5e87bad3c948f4d605d) (ScriptedImporter) -> (artifact id: '5055d207060d0ef1c4777380104a6b44') in 0.005809208 seconds
Number of updated asset objects reloaded before import = 0Number of asset objects unloaded after import = 133

========================================================================
Received Import Request.
  Time since last request: 0.000029 seconds.
  path: Assets/FourEvilDragonsHP/Prefab/DragonNightmare
  artifactKey: Guid(8dbb47dd5a279ff48ae42d51c9373f57) Importer(2089858483,b0f066a214c2f5e87bad3c948f4d605d)
Start importing Assets/FourEvilDragonsHP/Prefab/DragonNightmare using Guid(8dbb47dd5a279ff48ae42d51c9373f57) Importer(2089858483,b0f066a214c2f5e87bad3c948f4d605d) (ScriptedImporter) -> (artifact id: '5523f5c04641bde81f01d46b8191a23a') in 0.000775416 seconds
Number of updated asset objects reloaded before import = 0Number of asset objects unloaded after import = 1

========================================================================
Received Import Request.
  Time since last request: 0.000071 seconds.
  path: Assets/FourEvilDragonsHP/Texture
  artifactKey: Guid(029cb04ef2736154bb988bdf55c949e8) Importer(2089858483,b0f066a214c2f5e87bad3c948f4d605d)
Start importing Assets/FourEvilDragonsHP/Texture using Guid(029cb04ef2736154bb988bdf55c949e8) Importer(2089858483,b0f066a214c2f5e87bad3c948f4d605d) (ScriptedImporter) -> (artifact id: 'a1493ec617ccb236b8b639334993138b') in 0.000597834 seconds
Number of updated asset objects reloaded before import = 0Number of asset objects unloaded after import = 1

========================================================================
Received Import Request.
  Time since last request: 0.000059 seconds.
  path: Assets/FourEvilDragonsHP
  artifactKey: Guid(dcff2af42bc0f4045b0ab91edbb8cd31) Importer(2089858483,b0f066a214c2f5e87bad3c948f4d605d)
Start importing Assets/FourEvilDragonsHP using Guid(dcff2af42bc0f4045b0ab91edbb8cd31) Importer(2089858483,b0f066a214c2f5e87bad3c948f4d605d) (ScriptedImporter) -> (artifact id: 'e4a308381acb29bc67a77398db8248da') in 0.000654208 seconds
Number of updated asset objects reloaded before import = 0Number of asset objects unloaded after import = 1

========================================================================
Received Import Request.
  Time since last request: 0.000055 seconds.
  path: Assets/FourEvilDragonsHP/Materials/DragonSoulEater/BlueHP.mat
  artifactKey: Guid(5fcde950c31077243850f23d14ba9a5a) Importer(2089858483,b0f066a214c2f5e87bad3c948f4d605d)
Start importing Assets/FourEvilDragonsHP/Materials/DragonSoulEater/BlueHP.mat using Guid(5fcde950c31077243850f23d14ba9a5a) Importer(2089858483,b0f066a214c2f5e87bad3c948f4d605d) (ScriptedImporter) -> (artifact id: '3f69e22f3668b86ba94a28bd4fe9048f') in 0.004707875 seconds
Number of updated asset objects reloaded before import = 0Number of asset objects unloaded after import = 2

========================================================================
Received Import Request.
  Time since last request: 0.000057 seconds.
  path: Assets/FourEvilDragonsHP/Mesh/Stage.fbx
  artifactKey: Guid(2897399b8106c274f9e41904f19945b0) Importer(2089858483,b0f066a214c2f5e87bad3c948f4d605d)
Start importing Assets/FourEvilDragonsHP/Mesh/Stage.fbx using Guid(2897399b8106c274f9e41904f19945b0) Importer(2089858483,b0f066a214c2f5e87bad3c948f4d605d) (ScriptedImporter) -> (artifact id: '9037dff43f07dad540ab4763c3c4b994') in 0.00665325 seconds
Number of updated asset objects reloaded before import = 0Number of asset objects unloaded after import = 7

========================================================================
Received Import Request.
  Time since last request: 0.000078 seconds.
  path: Assets/FourEvilDragonsHP/Scene/SoulEaterScene.unity
  artifactKey: Guid(5b7a5d45cc6bc794e84740c25259b3c5) Importer(2089858483,b0f066a214c2f5e87bad3c948f4d605d)
Start importing Assets/FourEvilDragonsHP/Scene/SoulEaterScene.unity using Guid(5b7a5d45cc6bc794e84740c25259b3c5) Importer(2089858483,b0f066a214c2f5e87bad3c948f4d605d) (ScriptedImporter) -> (artifact id: 'ec91b437dc4e2dd47f7afea51c1d1ae3') in 0.001509042 seconds
Number of updated asset objects reloaded before import = 0Number of asset objects unloaded after import = 1

========================================================================
Received Import Request.
  Time since last request: 0.000143 seconds.
  path: Assets/FourEvilDragonsHP/Animations/DragonTerrorBringer/AttackWingClaw.fbx
  artifactKey: Guid(dbbf408e4d195cf41bc2f3c7589b1c89) Importer(2089858483,b0f066a214c2f5e87bad3c948f4d605d)
Start importing Assets/FourEvilDragonsHP/Animations/DragonTerrorBringer/AttackWingClaw.fbx using Guid(dbbf408e4d195cf41bc2f3c7589b1c89) Importer(2089858483,b0f066a214c2f5e87bad3c948f4d605d) (ScriptedImporter) -> (artifact id: '6b424bd155bf93b2c0087d8ad93e8f7a') in 0.006769084 seconds
Number of updated asset objects reloaded before import = 0Number of asset objects unloaded after import = 177

========================================================================
Received Import Request.
  Time since last request: 0.000060 seconds.
  path: Assets/FourEvilDragonsHP/Prefab/DragonUsurper/Purple.prefab
  artifactKey: Guid(09ade59177310454ba3c93ae4b7dc125) Importer(2089858483,b0f066a214c2f5e87bad3c948f4d605d)
Start importing Assets/FourEvilDragonsHP/Prefab/DragonUsurper/Purple.prefab using Guid(09ade59177310454ba3c93ae4b7dc125) Importer(2089858483,b0f066a214c2f5e87bad3c948f4d605d) (ScriptedImporter) -> (artifact id: 'f41b4db2f50b5cb83dd7a27f62b2147e') in 0.009669375 seconds
Number of updated asset objects reloaded before import = 0Number of asset objects unloaded after import = 304

========================================================================
Received Import Request.
  Time since last request: 40.676967 seconds.
  path: Assets
  artifactKey: Guid(00000000000000001000000000000000) Importer(815301076,1909f56bfc062723c751e8b465ee728b)
Start importing Assets using Guid(00000000000000001000000000000000) Importer(815301076,1909f56bfc062723c751e8b465ee728b) (PreviewImporter) -> (artifact id: 'c391582d739b6e62a5220f35cbb167ac') in 0.000486292 seconds
Number of updated asset objects reloaded before import = 0Number of asset objects unloaded after import = 0

========================================================================
Received Import Request.
  Time since last request: 7.824251 seconds.
  path: Assets/Scenes
  artifactKey: Guid(fa7962b57822e4c5582e471b5d197497) Importer(815301076,1909f56bfc062723c751e8b465ee728b)
Start importing Assets/Scenes using Guid(fa7962b57822e4c5582e471b5d197497) Importer(815301076,1909f56bfc062723c751e8b465ee728b) (PreviewImporter) -> (artifact id: '32cd413a911b71277ae35cf1d78bd503') in 0.000302917 seconds
Number of updated asset objects reloaded before import = 0Number of asset objects unloaded after import = 0

========================================================================
Received Import Request.
  Time since last request: 0.990100 seconds.
  path: Assets/Scenes
  artifactKey: Guid(fa7962b57822e4c5582e471b5d197497) Importer(2089858483,b0f066a214c2f5e87bad3c948f4d605d)
Start importing Assets/Scenes using Guid(fa7962b57822e4c5582e471b5d197497) Importer(2089858483,b0f066a214c2f5e87bad3c948f4d605d) (ScriptedImporter) -> (artifact id: '2a34fedc62ce117b8000c9834959b4e6') in 0.001283625 seconds
Number of updated asset objects reloaded before import = 0Number of asset objects unloaded after import = 1

========================================================================
Received Import Request.
  Time since last request: 24.386860 seconds.
  path: Assets/Scenes/GameWorld.unity
  artifactKey: Guid(7ec1276d96ae946f3a6a74b4fe96aa82) Importer(2089858483,b0f066a214c2f5e87bad3c948f4d605d)
Start importing Assets/Scenes/GameWorld.unity using Guid(7ec1276d96ae946f3a6a74b4fe96aa82) Importer(2089858483,b0f066a214c2f5e87bad3c948f4d605d) (ScriptedImporter) -> (artifact id: 'df797b044cd026637854c95c8287cea1') in 0.001957458 seconds
Number of updated asset objects reloaded before import = 0Number of asset objects unloaded after import = 1

========================================================================
Received Prepare
Refreshing native plugins compatible for Editor in 0.00 ms, found 0 plugins.
Preloading 0 native plugins for Editor in 0.00 ms.
Unloading 0 Unused Serialized files (Serialized files now loaded: 0)
Unloading 63 unused Assets / (1.8 KB). Loaded Objects now: 660.
Memory consumption went from 65.7 MB to 65.7 MB.
Total: 5.216041 ms (FindLiveObjects: 0.026666 ms CreateObjectMapping: 0.005375 ms MarkObjects: 5.152125 ms  DeleteObjects: 0.031542 ms)

Prepare: number of updated asset objects reloaded= 0
========================================================================
Received Prepare
Begin MonoManager ReloadAssembly
[Licensing::Client] Successfully resolved entitlement details
Thread 0x17fe87000 may have been prematurely finalized
- Loaded All Assemblies, in  0.132 seconds
Refreshing native plugins compatible for Editor in 0.00 ms, found 0 plugins.
Native extension for OSXStandalone target not found
Native extension for WebGL target not found
[Package Manager] Failed to launch server process. Reason: Unity was launched with the -noUpm command-line argument
[Package Manager] Unable to send message (not connected to server process).
[Package Manager] Cannot connect to Unity Package Manager local server
ScheduleIndexationOnStartup MainProcess:False IndexOnStartup:True
Mono: successfully reloaded assembly
- Finished resetting the current domain, in  0.189 seconds
Domain Reload Profiling: 321ms
	BeginReloadAssembly (82ms)
		ExecutionOrderSort (0ms)
		DisableScriptedObjects (3ms)
		BackupInstance (0ms)
		ReleaseScriptingObjects (0ms)
		CreateAndSetChildDomain (19ms)
	RebuildCommonClasses (25ms)
	RebuildNativeTypeToScriptingClass (9ms)
	initialDomainReloadingComplete (9ms)
	LoadAllAssembliesAndSetupDomain (7ms)
		LoadAssemblies (35ms)
		RebuildTransferFunctionScriptingTraits (0ms)
		AnalyzeDomain (5ms)
			TypeCache.Refresh (3ms)
				TypeCache.ScanAssembly (0ms)
			BuildScriptInfoCaches (1ms)
			ResolveRequiredComponents (0ms)
	FinalizeReload (189ms)
		ReleaseScriptCaches (0ms)
		RebuildScriptCaches (0ms)
		SetupLoadedEditorAssemblies (131ms)
			LogAssemblyErrors (0ms)
			InitializePlatformSupportModulesInManaged (1ms)
			SetLoadedEditorAssemblies (2ms)
			BeforeProcessingInitializeOnLoad (50ms)
			ProcessInitializeOnLoadAttributes (57ms)
			ProcessInitializeOnLoadMethodAttributes (19ms)
			AfterProcessingInitializeOnLoad (0ms)
			EditorAssembliesLoaded (0ms)
		ExecutionOrderSort2 (0ms)
		AwakeInstancesAfterBackupRestoration (2ms)
Refreshing native plugins compatible for Editor in 0.00 ms, found 0 plugins.
Preloading 0 native plugins for Editor in 0.00 ms.
Unloading 0 Unused Serialized files (Serialized files now loaded: 0)
Unloading 62 unused Assets / (1.0 KB). Loaded Objects now: 660.
Memory consumption went from 71.1 MB to 71.1 MB.
Total: 3.490417 ms (FindLiveObjects: 0.025042 ms CreateObjectMapping: 0.003917 ms MarkObjects: 3.443083 ms  DeleteObjects: 0.018250 ms)

Prepare: number of updated asset objects reloaded= 0
========================================================================
Received Import Request.
  Time since last request: 293.299824 seconds.
  path: Assets/Imported Assets
  artifactKey: Guid(fe7db1f029e6f4a03ab09ca79ca059c4) Importer(815301076,1909f56bfc062723c751e8b465ee728b)
Start importing Assets/Imported Assets using Guid(fe7db1f029e6f4a03ab09ca79ca059c4) Importer(815301076,1909f56bfc062723c751e8b465ee728b) (PreviewImporter) -> (artifact id: 'a303ed2759a564411f0ff4783cb6b471') in 0.000857083 seconds
Number of updated asset objects reloaded before import = 0Number of asset objects unloaded after import = 0

========================================================================
Received Import Request.
  Time since last request: 0.964888 seconds.
  path: Assets/Imported Assets
  artifactKey: Guid(fe7db1f029e6f4a03ab09ca79ca059c4) Importer(2089858483,b0f066a214c2f5e87bad3c948f4d605d)
Start importing Assets/Imported Assets using Guid(fe7db1f029e6f4a03ab09ca79ca059c4) Importer(2089858483,b0f066a214c2f5e87bad3c948f4d605d) (ScriptedImporter) -> (artifact id: 'c8d0b7e4d3602b1e174089e515ccf245') in 0.022408708 seconds
Number of updated asset objects reloaded before import = 0Number of asset objects unloaded after import = 1

========================================================================
Received Import Request.
  Time since last request: 0.051358 seconds.
  path: Assets/FST
  artifactKey: Guid(67ee37ff48ee3425b8e03dce950a9d01) Importer(815301076,1909f56bfc062723c751e8b465ee728b)
Start importing Assets/FST using Guid(67ee37ff48ee3425b8e03dce950a9d01) Importer(815301076,1909f56bfc062723c751e8b465ee728b) (PreviewImporter) -> (artifact id: '231753c0978c2694194c6b010ac966b2') in 0.000268167 seconds
Number of updated asset objects reloaded before import = 0Number of asset objects unloaded after import = 0

========================================================================
Received Import Request.
  Time since last request: 2.727925 seconds.
  path: Assets/Imported Assets/FourEvilDragonsHP/Animators
  artifactKey: Guid(5ad071ae1343c5b4ca58aad5c0ea1099) Importer(2089858483,b0f066a214c2f5e87bad3c948f4d605d)
Start importing Assets/Imported Assets/FourEvilDragonsHP/Animators using Guid(5ad071ae1343c5b4ca58aad5c0ea1099) Importer(2089858483,b0f066a214c2f5e87bad3c948f4d605d) (ScriptedImporter) -> (artifact id: 'b78f91d607d7141f25aa5de004b410a2') in 0.001089166 seconds
Number of updated asset objects reloaded before import = 0Number of asset objects unloaded after import = 1

========================================================================
Received Import Request.
  Time since last request: 0.000061 seconds.
  path: Assets/Imported Assets/FourEvilDragonsHP/Animations/DragonUsurper/Sleep.fbx
  artifactKey: Guid(1cdc51d0424856e438d5215d61193412) Importer(2089858483,b0f066a214c2f5e87bad3c948f4d605d)
Start importing Assets/Imported Assets/FourEvilDragonsHP/Animations/DragonUsurper/Sleep.fbx using Guid(1cdc51d0424856e438d5215d61193412) Importer(2089858483,b0f066a214c2f5e87bad3c948f4d605d) (ScriptedImporter) -> (artifact id: '77b527d7b5d31294a73edc20c8fffc84') in 0.051230958 seconds
Number of updated asset objects reloaded before import = 0Number of asset objects unloaded after import = 249

========================================================================
Received Import Request.
  Time since last request: 0.000033 seconds.
  path: Assets/Imported Assets/FourEvilDragonsHP/Texture/DragonUsurper/PurpleHP.png
  artifactKey: Guid(005cc54167f5bc347bda1b165320388f) Importer(2089858483,b0f066a214c2f5e87bad3c948f4d605d)
Start importing Assets/Imported Assets/FourEvilDragonsHP/Texture/DragonUsurper/PurpleHP.png using Guid(005cc54167f5bc347bda1b165320388f) Importer(2089858483,b0f066a214c2f5e87bad3c948f4d605d) (ScriptedImporter) -> (artifact id: '1d2845dffe51bafa73a19ea9bbb84be7') in 0.021669792 seconds
Number of updated asset objects reloaded before import = 0Number of asset objects unloaded after import = 1

========================================================================
Received Import Request.
  Time since last request: 0.000135 seconds.
  path: Assets/Imported Assets/FourEvilDragonsHP/Animations/DragonUsurper/Land.fbx
  artifactKey: Guid(16d67d90d0f2e3f4995c3c82004acb92) Importer(2089858483,b0f066a214c2f5e87bad3c948f4d605d)
Start importing Assets/Imported Assets/FourEvilDragonsHP/Animations/DragonUsurper/Land.fbx using Guid(16d67d90d0f2e3f4995c3c82004acb92) Importer(2089858483,b0f066a214c2f5e87bad3c948f4d605d) (ScriptedImporter) -> (artifact id: '5472a03292fff281e53cae680ad0490f') in 0.007600625 seconds
Number of updated asset objects reloaded before import = 0Number of asset objects unloaded after import = 249

========================================================================
Received Import Request.
  Time since last request: 0.000028 seconds.
  path: Assets/Imported Assets/FourEvilDragonsHP/Texture/DragonTerrorBringer/GreenHP.png
  artifactKey: Guid(4ef9c4d0fc5de6a47a24a3f2185af46b) Importer(2089858483,b0f066a214c2f5e87bad3c948f4d605d)
Start importing Assets/Imported Assets/FourEvilDragonsHP/Texture/DragonTerrorBringer/GreenHP.png using Guid(4ef9c4d0fc5de6a47a24a3f2185af46b) Importer(2089858483,b0f066a214c2f5e87bad3c948f4d605d) (ScriptedImporter) -> (artifact id: '11fa4e6106f950183d7cf292c60d721a') in 0.006335917 seconds
Number of updated asset objects reloaded before import = 0Number of asset objects unloaded after import = 1

========================================================================
Received Import Request.
  Time since last request: 0.000071 seconds.
  path: Assets/Imported Assets/FourEvilDragonsHP/Texture/DragonNightmare/GreenHP.png
  artifactKey: Guid(9dba242174cb8a2479a67b286bf5a92c) Importer(2089858483,b0f066a214c2f5e87bad3c948f4d605d)
Start importing Assets/Imported Assets/FourEvilDragonsHP/Texture/DragonNightmare/GreenHP.png using Guid(9dba242174cb8a2479a67b286bf5a92c) Importer(2089858483,b0f066a214c2f5e87bad3c948f4d605d) (ScriptedImporter) -> (artifact id: '89c4ba7c313621777fed8fe121841c80') in 0.005853125 seconds
Number of updated asset objects reloaded before import = 0Number of asset objects unloaded after import = 1

========================================================================
Received Import Request.
  Time since last request: 0.000061 seconds.
  path: Assets/Imported Assets/FourEvilDragonsHP/Animations/DragonUsurper/Scream.fbx
  artifactKey: Guid(497f35860988216419561f5b7835a430) Importer(2089858483,b0f066a214c2f5e87bad3c948f4d605d)
Start importing Assets/Imported Assets/FourEvilDragonsHP/Animations/DragonUsurper/Scream.fbx using Guid(497f35860988216419561f5b7835a430) Importer(2089858483,b0f066a214c2f5e87bad3c948f4d605d) (ScriptedImporter) -> (artifact id: '34029e56af23498b68e1dce90fb505aa') in 0.007709167 seconds
Number of updated asset objects reloaded before import = 0Number of asset objects unloaded after import = 249

========================================================================
Received Import Request.
  Time since last request: 0.000031 seconds.
  path: Assets/Imported Assets/FourEvilDragonsHP/Materials/DragonTerrorBringer
  artifactKey: Guid(4623ff13a8b77514e915c6871927fbd2) Importer(2089858483,b0f066a214c2f5e87bad3c948f4d605d)
Start importing Assets/Imported Assets/FourEvilDragonsHP/Materials/DragonTerrorBringer using Guid(4623ff13a8b77514e915c6871927fbd2) Importer(2089858483,b0f066a214c2f5e87bad3c948f4d605d) (ScriptedImporter) -> (artifact id: '609804653c5b8b9143f5acdbd57d0185') in 0.000878167 seconds
Number of updated asset objects reloaded before import = 0Number of asset objects unloaded after import = 1

========================================================================
Received Import Request.
  Time since last request: 0.000069 seconds.
  path: Assets/Imported Assets/FST/Gladiators Low Poly Arena/Textures/FlagPole-NM.png
  artifactKey: Guid(5c0186702d6fa1c42a55597d6a13100a) Importer(2089858483,b0f066a214c2f5e87bad3c948f4d605d)
Start importing Assets/Imported Assets/FST/Gladiators Low Poly Arena/Textures/FlagPole-NM.png using Guid(5c0186702d6fa1c42a55597d6a13100a) Importer(2089858483,b0f066a214c2f5e87bad3c948f4d605d) (ScriptedImporter) -> (artifact id: 'cecab622725a719fc8e4a9081d21d644') in 0.004679583 seconds
Number of updated asset objects reloaded before import = 0Number of asset objects unloaded after import = 1

========================================================================
Received Import Request.
  Time since last request: 0.000135 seconds.
  path: Assets/Imported Assets/FourEvilDragonsHP/Animations/DragonNightMare/walkRight.fbx
  artifactKey: Guid(0d450e707f0b2d646b814fe61b117d4b) Importer(2089858483,b0f066a214c2f5e87bad3c948f4d605d)
Start importing Assets/Imported Assets/FourEvilDragonsHP/Animations/DragonNightMare/walkRight.fbx using Guid(0d450e707f0b2d646b814fe61b117d4b) Importer(2089858483,b0f066a214c2f5e87bad3c948f4d605d) (ScriptedImporter) -> (artifact id: '69a58f5db4a7c143def205dae3681e84') in 0.007136167 seconds
Number of updated asset objects reloaded before import = 0Number of asset objects unloaded after import = 155

========================================================================
Received Import Request.
  Time since last request: 0.000028 seconds.
  path: Assets/Imported Assets/FourEvilDragonsHP/Texture/DragonTerrorBringer
  artifactKey: Guid(a31e3a64dd9aa104d803723e365a760b) Importer(2089858483,b0f066a214c2f5e87bad3c948f4d605d)
Start importing Assets/Imported Assets/FourEvilDragonsHP/Texture/DragonTerrorBringer using Guid(a31e3a64dd9aa104d803723e365a760b) Importer(2089858483,b0f066a214c2f5e87bad3c948f4d605d) (ScriptedImporter) -> (artifact id: 'fca890c4085c06301d956b32d7993831') in 0.000760083 seconds
Number of updated asset objects reloaded before import = 0Number of asset objects unloaded after import = 1

========================================================================
Received Import Request.
  Time since last request: 0.000067 seconds.
  path: Assets/Imported Assets/FourEvilDragonsHP/Prefab/DragonTerrorBringer/Blue.prefab
  artifactKey: Guid(20a769104331d8b48ac7d1ea0d49cdf3) Importer(2089858483,b0f066a214c2f5e87bad3c948f4d605d)
Start importing Assets/Imported Assets/FourEvilDragonsHP/Prefab/DragonTerrorBringer/Blue.prefab using Guid(20a769104331d8b48ac7d1ea0d49cdf3) Importer(2089858483,b0f066a214c2f5e87bad3c948f4d605d) (ScriptedImporter) -> (artifact id: '6f0db7b5ddc441241166596a0dae3a50') in 0.018462084 seconds
Number of updated asset objects reloaded before import = 0Number of asset objects unloaded after import = 232

========================================================================
Received Import Request.
  Time since last request: 0.000031 seconds.
  path: Assets/Imported Assets/FourEvilDragonsHP/Texture/DragonNightmare
  artifactKey: Guid(ca31e7e920cf2b54b8ee9bc980b80888) Importer(2089858483,b0f066a214c2f5e87bad3c948f4d605d)
Start importing Assets/Imported Assets/FourEvilDragonsHP/Texture/DragonNightmare using Guid(ca31e7e920cf2b54b8ee9bc980b80888) Importer(2089858483,b0f066a214c2f5e87bad3c948f4d605d) (ScriptedImporter) -> (artifact id: 'cfc075fe91808052779bef7e6a67ea82') in 0.00117275 seconds
Number of updated asset objects reloaded before import = 0Number of asset objects unloaded after import = 1

========================================================================
Received Import Request.
  Time since last request: 0.000071 seconds.
  path: Assets/Imported Assets/FourEvilDragonsHP/Animators/UsurperCTRL.controller
  artifactKey: Guid(5bd61d42e42f44b4a922495212e06f3f) Importer(2089858483,b0f066a214c2f5e87bad3c948f4d605d)
Start importing Assets/Imported Assets/FourEvilDragonsHP/Animators/UsurperCTRL.controller using Guid(5bd61d42e42f44b4a922495212e06f3f) Importer(2089858483,b0f066a214c2f5e87bad3c948f4d605d) (ScriptedImporter) -> (artifact id: 'b090881a14b92ad592222c9903863227') in 0.016038584 seconds
Number of updated asset objects reloaded before import = 0Number of asset objects unloaded after import = 56

========================================================================
Received Import Request.
  Time since last request: 0.000078 seconds.
  path: Assets/Imported Assets/FST/Gladiators Low Poly Arena/Prefabs
  artifactKey: Guid(1b4bbe1694ef36242ab21166b57e3c19) Importer(2089858483,b0f066a214c2f5e87bad3c948f4d605d)
Start importing Assets/Imported Assets/FST/Gladiators Low Poly Arena/Prefabs using Guid(1b4bbe1694ef36242ab21166b57e3c19) Importer(2089858483,b0f066a214c2f5e87bad3c948f4d605d) (ScriptedImporter) -> (artifact id: 'e407beb1e42c6a74a310ef2c47020830') in 0.001295166 seconds
Number of updated asset objects reloaded before import = 0Number of asset objects unloaded after import = 1

========================================================================
Received Import Request.
  Time since last request: 0.000079 seconds.
  path: Assets/Imported Assets/FourEvilDragonsHP/Texture/DragonNightmare/DarkblueHP.png
  artifactKey: Guid(83df07905e20b824d8be5a7ce7876c00) Importer(2089858483,b0f066a214c2f5e87bad3c948f4d605d)
Start importing Assets/Imported Assets/FourEvilDragonsHP/Texture/DragonNightmare/DarkblueHP.png using Guid(83df07905e20b824d8be5a7ce7876c00) Importer(2089858483,b0f066a214c2f5e87bad3c948f4d605d) (ScriptedImporter) -> (artifact id: 'e4c04238783a61804f5d23c840d7fe83') in 0.007703458 seconds
Number of updated asset objects reloaded before import = 0Number of asset objects unloaded after import = 1

========================================================================
Received Import Request.
  Time since last request: 0.000063 seconds.
  path: Assets/Imported Assets/FourEvilDragonsHP/Animations
  artifactKey: Guid(16e415a8dc4a2c14191fdd1286652c36) Importer(2089858483,b0f066a214c2f5e87bad3c948f4d605d)
Start importing Assets/Imported Assets/FourEvilDragonsHP/Animations using Guid(16e415a8dc4a2c14191fdd1286652c36) Importer(2089858483,b0f066a214c2f5e87bad3c948f4d605d) (ScriptedImporter) -> (artifact id: 'abc5977da874fb1762dbdefcbce41f5f') in 0.000951542 seconds
Number of updated asset objects reloaded before import = 0Number of asset objects unloaded after import = 1

========================================================================
Received Import Request.
  Time since last request: 0.000055 seconds.
  path: Assets/Imported Assets/FST/Gladiators Low Poly Arena/Prefabs/Gladiator Low Poly Arena.prefab
  artifactKey: Guid(4a769d0345654f345be733003b50a3e2) Importer(2089858483,b0f066a214c2f5e87bad3c948f4d605d)
Start importing Assets/Imported Assets/FST/Gladiators Low Poly Arena/Prefabs/Gladiator Low Poly Arena.prefab using Guid(4a769d0345654f345be733003b50a3e2) Importer(2089858483,b0f066a214c2f5e87bad3c948f4d605d) (ScriptedImporter) -> (artifact id: '85548a780138d49b99a348c17108afd7') in 0.003956 seconds
Number of updated asset objects reloaded before import = 0Number of asset objects unloaded after import = 166

========================================================================
Received Import Request.
  Time since last request: 0.000036 seconds.
  path: Assets/Imported Assets/FourEvilDragonsHP/Animations/DragonNightMare/idle02.fbx
  artifactKey: Guid(9d21fa939f154f147ac659d23465c4ed) Importer(2089858483,b0f066a214c2f5e87bad3c948f4d605d)
Start importing Assets/Imported Assets/FourEvilDragonsHP/Animations/DragonNightMare/idle02.fbx using Guid(9d21fa939f154f147ac659d23465c4ed) Importer(2089858483,b0f066a214c2f5e87bad3c948f4d605d) (ScriptedImporter) -> (artifact id: '9c111be0b71b9f68bc44537c3a332917') in 0.006773375 seconds
Number of updated asset objects reloaded before import = 0Number of asset objects unloaded after import = 155

========================================================================
Received Import Request.
  Time since last request: 0.000034 seconds.
  path: Assets/Imported Assets/FST/Gladiators Low Poly Arena/Textures/Pillars-AO.png
  artifactKey: Guid(f6fe7573fcba8b44eb8b196b9de85de3) Importer(2089858483,b0f066a214c2f5e87bad3c948f4d605d)
Start importing Assets/Imported Assets/FST/Gladiators Low Poly Arena/Textures/Pillars-AO.png using Guid(f6fe7573fcba8b44eb8b196b9de85de3) Importer(2089858483,b0f066a214c2f5e87bad3c948f4d605d) (ScriptedImporter) -> (artifact id: 'e1e01bb759eed9aafdf3292c9242df88') in 0.004288625 seconds
Number of updated asset objects reloaded before import = 0Number of asset objects unloaded after import = 1

========================================================================
Received Import Request.
  Time since last request: 0.000119 seconds.
  path: Assets/Imported Assets/FST/Gladiators Low Poly Arena/Textures/WoodSpikes-Albedo.png
  artifactKey: Guid(85b4237374027844398f08b3eff16578) Importer(2089858483,b0f066a214c2f5e87bad3c948f4d605d)
Start importing Assets/Imported Assets/FST/Gladiators Low Poly Arena/Textures/WoodSpikes-Albedo.png using Guid(85b4237374027844398f08b3eff16578) Importer(2089858483,b0f066a214c2f5e87bad3c948f4d605d) (ScriptedImporter) -> (artifact id: '3c23c5658d53136d089270d3f5747c5b') in 0.005188417 seconds
Number of updated asset objects reloaded before import = 0Number of asset objects unloaded after import = 1

========================================================================
Received Import Request.
  Time since last request: 0.000055 seconds.
  path: Assets/Imported Assets/FourEvilDragonsHP/Texture/DragonNightmare/BlueHP.png
  artifactKey: Guid(7bc2111318adeb14684c06f70d594a45) Importer(2089858483,b0f066a214c2f5e87bad3c948f4d605d)
Start importing Assets/Imported Assets/FourEvilDragonsHP/Texture/DragonNightmare/BlueHP.png using Guid(7bc2111318adeb14684c06f70d594a45) Importer(2089858483,b0f066a214c2f5e87bad3c948f4d605d) (ScriptedImporter) -> (artifact id: '24d28ea497358353b7fdc2fd532758c2') in 0.006867291 seconds
Number of updated asset objects reloaded before import = 0Number of asset objects unloaded after import = 1

========================================================================
Received Import Request.
  Time since last request: 0.000091 seconds.
  path: Assets/Imported Assets/FourEvilDragonsHP/Mesh/DragonTheNightmareMesh.fbx
  artifactKey: Guid(2f4e6492f506bbb4a8aeba850e3bb52f) Importer(2089858483,b0f066a214c2f5e87bad3c948f4d605d)
Start importing Assets/Imported Assets/FourEvilDragonsHP/Mesh/DragonTheNightmareMesh.fbx using Guid(2f4e6492f506bbb4a8aeba850e3bb52f) Importer(2089858483,b0f066a214c2f5e87bad3c948f4d605d) (ScriptedImporter) -> (artifact id: '352b54250226b799f8b277c883ec6b82') in 0.005253667 seconds
Number of updated asset objects reloaded before import = 0Number of asset objects unloaded after import = 154

========================================================================
Received Import Request.
  Time since last request: 0.000099 seconds.
  path: Assets/Imported Assets/FST/Gladiators Low Poly Arena/Materials
  artifactKey: Guid(30fc057d0e4749a49ba512be799860ac) Importer(2089858483,b0f066a214c2f5e87bad3c948f4d605d)
Start importing Assets/Imported Assets/FST/Gladiators Low Poly Arena/Materials using Guid(30fc057d0e4749a49ba512be799860ac) Importer(2089858483,b0f066a214c2f5e87bad3c948f4d605d) (ScriptedImporter) -> (artifact id: 'b42b7d382e99c61fc2c5a2f23e8e4bb9') in 0.001571542 seconds
Number of updated asset objects reloaded before import = 0Number of asset objects unloaded after import = 1

========================================================================
Received Import Request.
  Time since last request: 0.000097 seconds.
  path: Assets/Imported Assets/FourEvilDragonsHP/Scene
  artifactKey: Guid(ca5661a67750c244cbc0e8a0cbe2b134) Importer(2089858483,b0f066a214c2f5e87bad3c948f4d605d)
Start importing Assets/Imported Assets/FourEvilDragonsHP/Scene using Guid(ca5661a67750c244cbc0e8a0cbe2b134) Importer(2089858483,b0f066a214c2f5e87bad3c948f4d605d) (ScriptedImporter) -> (artifact id: '1959dbdca401fd4a984898db241a94c5') in 0.000961792 seconds
Number of updated asset objects reloaded before import = 0Number of asset objects unloaded after import = 1

========================================================================
Received Import Request.
  Time since last request: 0.000217 seconds.
  path: Assets/Imported Assets/FST/Gladiators Low Poly Arena/Textures/Mechanism-Albedo.png
  artifactKey: Guid(a515ad33c41fb0f47b8d47e3ee3f94e5) Importer(2089858483,b0f066a214c2f5e87bad3c948f4d605d)
Start importing Assets/Imported Assets/FST/Gladiators Low Poly Arena/Textures/Mechanism-Albedo.png using Guid(a515ad33c41fb0f47b8d47e3ee3f94e5) Importer(2089858483,b0f066a214c2f5e87bad3c948f4d605d) (ScriptedImporter) -> (artifact id: '4433614d4afdd1c0a32f9f309b484ac7') in 0.004588875 seconds
Number of updated asset objects reloaded before import = 0Number of asset objects unloaded after import = 1

========================================================================
Received Import Request.
  Time since last request: 0.000267 seconds.
  path: Assets/Imported Assets/FourEvilDragonsHP/Prefab/DragonSoulEater/Grey.prefab
  artifactKey: Guid(36c38a65d57de7d4a9a582f9ee857701) Importer(2089858483,b0f066a214c2f5e87bad3c948f4d605d)
Start importing Assets/Imported Assets/FourEvilDragonsHP/Prefab/DragonSoulEater/Grey.prefab using Guid(36c38a65d57de7d4a9a582f9ee857701) Importer(2089858483,b0f066a214c2f5e87bad3c948f4d605d) (ScriptedImporter) -> (artifact id: 'f557672872875069a466e8fd8cc456a8') in 0.016207 seconds
Number of updated asset objects reloaded before import = 0Number of asset objects unloaded after import = 185

========================================================================
Received Import Request.
  Time since last request: 0.000037 seconds.
  path: Assets/Imported Assets/FST
  artifactKey: Guid(67ee37ff48ee3425b8e03dce950a9d01) Importer(2089858483,b0f066a214c2f5e87bad3c948f4d605d)
Start importing Assets/Imported Assets/FST using Guid(67ee37ff48ee3425b8e03dce950a9d01) Importer(2089858483,b0f066a214c2f5e87bad3c948f4d605d) (ScriptedImporter) -> (artifact id: '8d925238378fd50d69cd03389b6d4961') in 0.00128275 seconds
Number of updated asset objects reloaded before import = 0Number of asset objects unloaded after import = 1

========================================================================
Received Import Request.
  Time since last request: 0.000082 seconds.
  path: Assets/Imported Assets/FourEvilDragonsHP/Texture/DragonSoulEater/GreenHP.png
  artifactKey: Guid(017f8d11e173752489627e4b72684e41) Importer(2089858483,b0f066a214c2f5e87bad3c948f4d605d)
Start importing Assets/Imported Assets/FourEvilDragonsHP/Texture/DragonSoulEater/GreenHP.png using Guid(017f8d11e173752489627e4b72684e41) Importer(2089858483,b0f066a214c2f5e87bad3c948f4d605d) (ScriptedImporter) -> (artifact id: 'b4780d1f727502bbf19cdd28b3ff23da') in 0.006229375 seconds
Number of updated asset objects reloaded before import = 0Number of asset objects unloaded after import = 1

========================================================================
Received Import Request.
  Time since last request: 0.000177 seconds.
  path: Assets/Imported Assets/FourEvilDragonsHP/Animations/DragonSoulEater/Run.fbx
  artifactKey: Guid(93048e03d4dc597468fce555d02e9274) Importer(2089858483,b0f066a214c2f5e87bad3c948f4d605d)
Start importing Assets/Imported Assets/FourEvilDragonsHP/Animations/DragonSoulEater/Run.fbx using Guid(93048e03d4dc597468fce555d02e9274) Importer(2089858483,b0f066a214c2f5e87bad3c948f4d605d) (ScriptedImporter) -> (artifact id: 'c34b83db6dd7499b3cf0eb279c6eb053') in 0.007562583 seconds
Number of updated asset objects reloaded before import = 0Number of asset objects unloaded after import = 133

========================================================================
Received Import Request.
  Time since last request: 0.000069 seconds.
  path: Assets/Imported Assets/FourEvilDragonsHP/Animations/DragonNightMare/getHit.fbx
  artifactKey: Guid(a640f611148020047b485abcfdbb49cf) Importer(2089858483,b0f066a214c2f5e87bad3c948f4d605d)
Start importing Assets/Imported Assets/FourEvilDragonsHP/Animations/DragonNightMare/getHit.fbx using Guid(a640f611148020047b485abcfdbb49cf) Importer(2089858483,b0f066a214c2f5e87bad3c948f4d605d) (ScriptedImporter) -> (artifact id: 'cec01234c3ad08ac40f9e26680c503e6') in 0.0066265 seconds
Number of updated asset objects reloaded before import = 0Number of asset objects unloaded after import = 155

========================================================================
Received Import Request.
  Time since last request: 0.000077 seconds.
  path: Assets/Imported Assets/FourEvilDragonsHP/Prefab/DragonTerrorBringer
  artifactKey: Guid(318ed8b844006974bafd7411323cfa4a) Importer(2089858483,b0f066a214c2f5e87bad3c948f4d605d)
Start importing Assets/Imported Assets/FourEvilDragonsHP/Prefab/DragonTerrorBringer using Guid(318ed8b844006974bafd7411323cfa4a) Importer(2089858483,b0f066a214c2f5e87bad3c948f4d605d) (ScriptedImporter) -> (artifact id: '748a9117e5f49aca2bb59ac7458172c7') in 0.001126209 seconds
Number of updated asset objects reloaded before import = 0Number of asset objects unloaded after import = 1

========================================================================
Received Import Request.
  Time since last request: 0.000184 seconds.
  path: Assets/Imported Assets/FST/Gladiators Low Poly Arena/Textures/WoodSpikes-AO.png
  artifactKey: Guid(7b168262c0343be41abb913e9fa1922e) Importer(2089858483,b0f066a214c2f5e87bad3c948f4d605d)
Start importing Assets/Imported Assets/FST/Gladiators Low Poly Arena/Textures/WoodSpikes-AO.png using Guid(7b168262c0343be41abb913e9fa1922e) Importer(2089858483,b0f066a214c2f5e87bad3c948f4d605d) (ScriptedImporter) -> (artifact id: '362a0820fb30090cd6250cb82c87ef98') in 0.004231333 seconds
Number of updated asset objects reloaded before import = 0Number of asset objects unloaded after import = 1

========================================================================
Received Import Request.
  Time since last request: 0.000195 seconds.
  path: Assets/Imported Assets/FourEvilDragonsHP/Materials/DragonNightmare
  artifactKey: Guid(8951681ce11f2c740af714951bdd1ad5) Importer(2089858483,b0f066a214c2f5e87bad3c948f4d605d)
Start importing Assets/Imported Assets/FourEvilDragonsHP/Materials/DragonNightmare using Guid(8951681ce11f2c740af714951bdd1ad5) Importer(2089858483,b0f066a214c2f5e87bad3c948f4d605d) (ScriptedImporter) -> (artifact id: 'f6bf5cb8b01d2d8368169c5baa289ec2') in 0.001114125 seconds
Number of updated asset objects reloaded before import = 0Number of asset objects unloaded after import = 1

========================================================================
Received Import Request.
  Time since last request: 0.000229 seconds.
  path: Assets/Imported Assets/FourEvilDragonsHP/Mesh/DragonUsurperMesh.fbx
  artifactKey: Guid(79b50b34e44b5fd4db1cdc9535a3c86b) Importer(2089858483,b0f066a214c2f5e87bad3c948f4d605d)
Start importing Assets/Imported Assets/FourEvilDragonsHP/Mesh/DragonUsurperMesh.fbx using Guid(79b50b34e44b5fd4db1cdc9535a3c86b) Importer(2089858483,b0f066a214c2f5e87bad3c948f4d605d) (ScriptedImporter) -> (artifact id: '659604bfbb7c89791709b24869f8046a') in 0.006022625 seconds
Number of updated asset objects reloaded before import = 0Number of asset objects unloaded after import = 248

========================================================================
Received Import Request.
  Time since last request: 0.000033 seconds.
  path: Assets/Imported Assets/FST/Gladiators Low Poly Arena/Textures/Flags-Albedo.png
  artifactKey: Guid(df098a30d98a3414ebe4adadce18ed3f) Importer(2089858483,b0f066a214c2f5e87bad3c948f4d605d)
Start importing Assets/Imported Assets/FST/Gladiators Low Poly Arena/Textures/Flags-Albedo.png using Guid(df098a30d98a3414ebe4adadce18ed3f) Importer(2089858483,b0f066a214c2f5e87bad3c948f4d605d) (ScriptedImporter) -> (artifact id: '4d8d5fb0f86f00bc8a901689b2735f96') in 0.004328625 seconds
Number of updated asset objects reloaded before import = 0Number of asset objects unloaded after import = 1

========================================================================
Received Import Request.
  Time since last request: 0.000145 seconds.
  path: Assets/Imported Assets/FourEvilDragonsHP/Prefab/DragonNightmare
  artifactKey: Guid(8dbb47dd5a279ff48ae42d51c9373f57) Importer(2089858483,b0f066a214c2f5e87bad3c948f4d605d)
Start importing Assets/Imported Assets/FourEvilDragonsHP/Prefab/DragonNightmare using Guid(8dbb47dd5a279ff48ae42d51c9373f57) Importer(2089858483,b0f066a214c2f5e87bad3c948f4d605d) (ScriptedImporter) -> (artifact id: '3b298211bddf7dc815cbe8d58275aae0') in 0.000984959 seconds
Number of updated asset objects reloaded before import = 0Number of asset objects unloaded after import = 1

========================================================================
Received Import Request.
  Time since last request: 0.000066 seconds.
  path: Assets/Imported Assets/FourEvilDragonsHP/Animations/DragonSoulEater/Get Hit.fbx
  artifactKey: Guid(34cbf41484d0da24e9a24545c9d5a332) Importer(2089858483,b0f066a214c2f5e87bad3c948f4d605d)
Start importing Assets/Imported Assets/FourEvilDragonsHP/Animations/DragonSoulEater/Get Hit.fbx using Guid(34cbf41484d0da24e9a24545c9d5a332) Importer(2089858483,b0f066a214c2f5e87bad3c948f4d605d) (ScriptedImporter) -> (artifact id: '3a746bc6f4a40efb47e2b402ec84d113') in 0.006808375 seconds
Number of updated asset objects reloaded before import = 0Number of asset objects unloaded after import = 133

========================================================================
Received Import Request.
  Time since last request: 0.000046 seconds.
  path: Assets/Imported Assets/FourEvilDragonsHP/Animations/DragonTerrorBringer/Landing.fbx
  artifactKey: Guid(f728a9645c91629469fdc1e9a452ddea) Importer(2089858483,b0f066a214c2f5e87bad3c948f4d605d)
Start importing Assets/Imported Assets/FourEvilDragonsHP/Animations/DragonTerrorBringer/Landing.fbx using Guid(f728a9645c91629469fdc1e9a452ddea) Importer(2089858483,b0f066a214c2f5e87bad3c948f4d605d) (ScriptedImporter) -> (artifact id: 'c0cc48010f3c32df54731501d8519a78') in 0.005735791 seconds
Number of updated asset objects reloaded before import = 0Number of asset objects unloaded after import = 177

========================================================================
Received Import Request.
  Time since last request: 0.000187 seconds.
  path: Assets/Imported Assets/FourEvilDragonsHP/Animations/DragonSoulEater/Basic Attack.fbx
  artifactKey: Guid(5d9efb65c776b714fb5123711f07de0c) Importer(2089858483,b0f066a214c2f5e87bad3c948f4d605d)
Start importing Assets/Imported Assets/FourEvilDragonsHP/Animations/DragonSoulEater/Basic Attack.fbx using Guid(5d9efb65c776b714fb5123711f07de0c) Importer(2089858483,b0f066a214c2f5e87bad3c948f4d605d) (ScriptedImporter) -> (artifact id: 'a0ee8d08fedd91e1e7e604e44d2d4ce6') in 0.00737025 seconds
Number of updated asset objects reloaded before import = 0Number of asset objects unloaded after import = 133

========================================================================
Received Import Request.
  Time since last request: 0.000034 seconds.
  path: Assets/Imported Assets/FourEvilDragonsHP/Materials/DragonNightmare/AlbinoHP.mat
  artifactKey: Guid(8000a685f5b509b45b455c9ffd1f347f) Importer(2089858483,b0f066a214c2f5e87bad3c948f4d605d)
Start importing Assets/Imported Assets/FourEvilDragonsHP/Materials/DragonNightmare/AlbinoHP.mat using Guid(8000a685f5b509b45b455c9ffd1f347f) Importer(2089858483,b0f066a214c2f5e87bad3c948f4d605d) (ScriptedImporter) -> (artifact id: '189f8a763d7e20d99ceeaaed6e411bcd') in 0.0133645 seconds
Number of updated asset objects reloaded before import = 0Number of asset objects unloaded after import = 2

========================================================================
Received Import Request.
  Time since last request: 0.000034 seconds.
  path: Assets/Imported Assets/FourEvilDragonsHP/Texture/DragonSoulEater
  artifactKey: Guid(021d55eb71a00ef4e9457bc057db0744) Importer(2089858483,b0f066a214c2f5e87bad3c948f4d605d)
Start importing Assets/Imported Assets/FourEvilDragonsHP/Texture/DragonSoulEater using Guid(021d55eb71a00ef4e9457bc057db0744) Importer(2089858483,b0f066a214c2f5e87bad3c948f4d605d) (ScriptedImporter) -> (artifact id: '5406e7b62d7629899e187d7c97fc6634') in 0.000803958 seconds
Number of updated asset objects reloaded before import = 0Number of asset objects unloaded after import = 1

========================================================================
Received Import Request.
  Time since last request: 0.000088 seconds.
  path: Assets/Imported Assets/FourEvilDragonsHP/Prefab/DragonNightmare/Green.prefab
  artifactKey: Guid(281a986484325de459dc1b3709335bc5) Importer(2089858483,b0f066a214c2f5e87bad3c948f4d605d)
Start importing Assets/Imported Assets/FourEvilDragonsHP/Prefab/DragonNightmare/Green.prefab using Guid(281a986484325de459dc1b3709335bc5) Importer(2089858483,b0f066a214c2f5e87bad3c948f4d605d) (ScriptedImporter) -> (artifact id: '3186f1db65c03058f5d5698a4c1fb46d') in 0.013371333 seconds
Number of updated asset objects reloaded before import = 0Number of asset objects unloaded after import = 204

========================================================================
Received Import Request.
  Time since last request: 0.000055 seconds.
  path: Assets/Imported Assets/FourEvilDragonsHP/Animations/DragonNightMare/die.fbx
  artifactKey: Guid(4b1dcfc331de54549a94b650385f751e) Importer(2089858483,b0f066a214c2f5e87bad3c948f4d605d)
Start importing Assets/Imported Assets/FourEvilDragonsHP/Animations/DragonNightMare/die.fbx using Guid(4b1dcfc331de54549a94b650385f751e) Importer(2089858483,b0f066a214c2f5e87bad3c948f4d605d) (ScriptedImporter) -> (artifact id: 'ae656ffe7199889a5fb8ceb08b0397b2') in 0.0086525 seconds
Number of updated asset objects reloaded before import = 0Number of asset objects unloaded after import = 155

========================================================================
Received Import Request.
  Time since last request: 0.000055 seconds.
  path: Assets/Imported Assets/FourEvilDragonsHP/Scene/SoulEaterScene.unity
  artifactKey: Guid(5b7a5d45cc6bc794e84740c25259b3c5) Importer(2089858483,b0f066a214c2f5e87bad3c948f4d605d)
Start importing Assets/Imported Assets/FourEvilDragonsHP/Scene/SoulEaterScene.unity using Guid(5b7a5d45cc6bc794e84740c25259b3c5) Importer(2089858483,b0f066a214c2f5e87bad3c948f4d605d) (ScriptedImporter) -> (artifact id: '362cc0417b4398826c1a962b7046f1c7') in 0.001485458 seconds
Number of updated asset objects reloaded before import = 0Number of asset objects unloaded after import = 1

========================================================================
Received Import Request.
  Time since last request: 0.000274 seconds.
  path: Assets/Imported Assets/FourEvilDragonsHP/Materials/DragonUsurper
  artifactKey: Guid(266c8b22508d1b84397cfd1f98dad5da) Importer(2089858483,b0f066a214c2f5e87bad3c948f4d605d)
Start importing Assets/Imported Assets/FourEvilDragonsHP/Materials/DragonUsurper using Guid(266c8b22508d1b84397cfd1f98dad5da) Importer(2089858483,b0f066a214c2f5e87bad3c948f4d605d) (ScriptedImporter) -> (artifact id: 'cf03bceb64972b6036d3332ebf9ba7e3') in 0.001134417 seconds
Number of updated asset objects reloaded before import = 0Number of asset objects unloaded after import = 1

========================================================================
Received Import Request.
  Time since last request: 0.000056 seconds.
  path: Assets/Imported Assets/FST/Gladiators Low Poly Arena/_DemoScene.unity
  artifactKey: Guid(93b77105f9661be4484a78c6a214e8c1) Importer(2089858483,b0f066a214c2f5e87bad3c948f4d605d)
Start importing Assets/Imported Assets/FST/Gladiators Low Poly Arena/_DemoScene.unity using Guid(93b77105f9661be4484a78c6a214e8c1) Importer(2089858483,b0f066a214c2f5e87bad3c948f4d605d) (ScriptedImporter) -> (artifact id: '69668a3546e34788faee960b68d0649c') in 0.000991833 seconds
Number of updated asset objects reloaded before import = 0Number of asset objects unloaded after import = 1

========================================================================
Received Import Request.
  Time since last request: 0.000240 seconds.
  path: Assets/Imported Assets/FourEvilDragonsHP/Animators/NightmareCTRL.controller
  artifactKey: Guid(08f6634017a8e784a8807f193b72bec9) Importer(2089858483,b0f066a214c2f5e87bad3c948f4d605d)
Start importing Assets/Imported Assets/FourEvilDragonsHP/Animators/NightmareCTRL.controller using Guid(08f6634017a8e784a8807f193b72bec9) Importer(2089858483,b0f066a214c2f5e87bad3c948f4d605d) (ScriptedImporter) -> (artifact id: '6a0fdfe0aee4b7d9efbe166b7b9e904f') in 0.005789709 seconds
Number of updated asset objects reloaded before import = 0Number of asset objects unloaded after import = 50

========================================================================
Received Import Request.
  Time since last request: 0.000069 seconds.
  path: Assets/Imported Assets/FST/Gladiators Low Poly Arena/Textures/Mechanism-NM.png
  artifactKey: Guid(a12376109b0ee84448003b01683f9c98) Importer(2089858483,b0f066a214c2f5e87bad3c948f4d605d)
Start importing Assets/Imported Assets/FST/Gladiators Low Poly Arena/Textures/Mechanism-NM.png using Guid(a12376109b0ee84448003b01683f9c98) Importer(2089858483,b0f066a214c2f5e87bad3c948f4d605d) (ScriptedImporter) -> (artifact id: 'ccad5f4c0676645f8101f99f41802fa2') in 0.005413208 seconds
Number of updated asset objects reloaded before import = 0Number of asset objects unloaded after import = 1

========================================================================
Received Import Request.
  Time since last request: 1.717412 seconds.
  path: Assets/Imported Assets/FourEvilDragonsHP/Animations/DragonNightMare/Sleep.fbx
  artifactKey: Guid(5cfe5b96be26d60478f7a5749d947a62) Importer(2089858483,b0f066a214c2f5e87bad3c948f4d605d)
Start importing Assets/Imported Assets/FourEvilDragonsHP/Animations/DragonNightMare/Sleep.fbx using Guid(5cfe5b96be26d60478f7a5749d947a62) Importer(2089858483,b0f066a214c2f5e87bad3c948f4d605d) (ScriptedImporter) -> (artifact id: '048007c68943363c9ac69eeed9b1f5da') in 0.010788917 seconds
Number of updated asset objects reloaded before import = 0Number of asset objects unloaded after import = 155

========================================================================
Received Import Request.
  Time since last request: 0.000093 seconds.
  path: Assets/Imported Assets/FourEvilDragonsHP/Animations/DragonTerrorBringer/FlyIdle.fbx
  artifactKey: Guid(fe8f656bdccb4074683e623a09c9728e) Importer(2089858483,b0f066a214c2f5e87bad3c948f4d605d)
Start importing Assets/Imported Assets/FourEvilDragonsHP/Animations/DragonTerrorBringer/FlyIdle.fbx using Guid(fe8f656bdccb4074683e623a09c9728e) Importer(2089858483,b0f066a214c2f5e87bad3c948f4d605d) (ScriptedImporter) -> (artifact id: 'e638c50b0c89de16b34ab1a362eb7c9b') in 0.009401583 seconds
Number of updated asset objects reloaded before import = 0Number of asset objects unloaded after import = 177

========================================================================
Received Import Request.
  Time since last request: 0.000037 seconds.
  path: Assets/Imported Assets/FourEvilDragonsHP/Prefab/DragonNightmare/DarkBlue.prefab
  artifactKey: Guid(a3e7850e56f7e2d4a8cb9e150f10c835) Importer(2089858483,b0f066a214c2f5e87bad3c948f4d605d)
Start importing Assets/Imported Assets/FourEvilDragonsHP/Prefab/DragonNightmare/DarkBlue.prefab using Guid(a3e7850e56f7e2d4a8cb9e150f10c835) Importer(2089858483,b0f066a214c2f5e87bad3c948f4d605d) (ScriptedImporter) -> (artifact id: 'ce09452635f6f381109efd06c667271f') in 0.011961584 seconds
Number of updated asset objects reloaded before import = 0Number of asset objects unloaded after import = 204

========================================================================
Received Import Request.
  Time since last request: 0.000108 seconds.
  path: Assets/Imported Assets/FourEvilDragonsHP/Materials/Skybox_Mat.mat
  artifactKey: Guid(48ce278709c9add4cb03de6de56e1f59) Importer(2089858483,b0f066a214c2f5e87bad3c948f4d605d)
Start importing Assets/Imported Assets/FourEvilDragonsHP/Materials/Skybox_Mat.mat using Guid(48ce278709c9add4cb03de6de56e1f59) Importer(2089858483,b0f066a214c2f5e87bad3c948f4d605d) (ScriptedImporter) -> (artifact id: 'de236ec17d2123cf2dcb40e6b006ad5f') in 0.002775042 seconds
Number of updated asset objects reloaded before import = 0Number of asset objects unloaded after import = 1

========================================================================
Received Import Request.
  Time since last request: 0.000154 seconds.
  path: Assets/Imported Assets/FST/Gladiators Low Poly Arena/Materials/PillarsMaterial.mat
  artifactKey: Guid(4d5450caebd16874c810ac0b917ea0ed) Importer(2089858483,b0f066a214c2f5e87bad3c948f4d605d)
Start importing Assets/Imported Assets/FST/Gladiators Low Poly Arena/Materials/PillarsMaterial.mat using Guid(4d5450caebd16874c810ac0b917ea0ed) Importer(2089858483,b0f066a214c2f5e87bad3c948f4d605d) (ScriptedImporter) -> (artifact id: '08aac15f8e246ed1698d7da3ceced144') in 0.00780875 seconds
Number of updated asset objects reloaded before import = 0Number of asset objects unloaded after import = 4

========================================================================
Received Import Request.
  Time since last request: 0.000144 seconds.
  path: Assets/Imported Assets/FourEvilDragonsHP/Texture/DragonSoulEater/GreyHP.png
  artifactKey: Guid(cccba017d3327554eb393b69a5434097) Importer(2089858483,b0f066a214c2f5e87bad3c948f4d605d)
Start importing Assets/Imported Assets/FourEvilDragonsHP/Texture/DragonSoulEater/GreyHP.png using Guid(cccba017d3327554eb393b69a5434097) Importer(2089858483,b0f066a214c2f5e87bad3c948f4d605d) (ScriptedImporter) -> (artifact id: '52897bffd2153c2fb782dc2e106e77d6') in 0.010203125 seconds
Number of updated asset objects reloaded before import = 0Number of asset objects unloaded after import = 1

========================================================================
Received Import Request.
  Time since last request: 0.000209 seconds.
  path: Assets/Imported Assets/FST/Gladiators Low Poly Arena/Textures/WoodSpikes-NM.png
  artifactKey: Guid(399427ee6d10f0f4cba969a01ce98d01) Importer(2089858483,b0f066a214c2f5e87bad3c948f4d605d)
Start importing Assets/Imported Assets/FST/Gladiators Low Poly Arena/Textures/WoodSpikes-NM.png using Guid(399427ee6d10f0f4cba969a01ce98d01) Importer(2089858483,b0f066a214c2f5e87bad3c948f4d605d) (ScriptedImporter) -> (artifact id: '957c88d60d3dad9cb40be50f93d777df') in 0.006708167 seconds
Number of updated asset objects reloaded before import = 0Number of asset objects unloaded after import = 1

========================================================================
Received Import Request.
  Time since last request: 0.000267 seconds.
  path: Assets/Imported Assets/FourEvilDragonsHP/Prefab/DragonUsurper/Blue.prefab
  artifactKey: Guid(445a5c29e7f715947b713a753f242af0) Importer(2089858483,b0f066a214c2f5e87bad3c948f4d605d)
Start importing Assets/Imported Assets/FourEvilDragonsHP/Prefab/DragonUsurper/Blue.prefab using Guid(445a5c29e7f715947b713a753f242af0) Importer(2089858483,b0f066a214c2f5e87bad3c948f4d605d) (ScriptedImporter) -> (artifact id: '63edac8e31fc7ad9e8c90b5e84c24536') in 0.017876334 seconds
Number of updated asset objects reloaded before import = 0Number of asset objects unloaded after import = 304

========================================================================
Received Import Request.
  Time since last request: 0.000411 seconds.
  path: Assets/Imported Assets/FourEvilDragonsHP/Materials/DragonSoulEater/GreenHP.mat
  artifactKey: Guid(1b51484aceb3349479b6c084713a5517) Importer(2089858483,b0f066a214c2f5e87bad3c948f4d605d)
Start importing Assets/Imported Assets/FourEvilDragonsHP/Materials/DragonSoulEater/GreenHP.mat using Guid(1b51484aceb3349479b6c084713a5517) Importer(2089858483,b0f066a214c2f5e87bad3c948f4d605d) (ScriptedImporter) -> (artifact id: '2b534b2469371928fa4ab17810b624dd') in 0.006406625 seconds
Number of updated asset objects reloaded before import = 0Number of asset objects unloaded after import = 2

========================================================================
Received Import Request.
  Time since last request: 0.000075 seconds.
  path: Assets/Imported Assets/FST/Gladiators Low Poly Arena/Textures/GateArena-AO.png
  artifactKey: Guid(92f6fabd0f39a1646afc55a47dd24f11) Importer(2089858483,b0f066a214c2f5e87bad3c948f4d605d)
Start importing Assets/Imported Assets/FST/Gladiators Low Poly Arena/Textures/GateArena-AO.png using Guid(92f6fabd0f39a1646afc55a47dd24f11) Importer(2089858483,b0f066a214c2f5e87bad3c948f4d605d) (ScriptedImporter) -> (artifact id: 'bd5ac9e9850cfb245c1677087e0ddfde') in 0.004961375 seconds
Number of updated asset objects reloaded before import = 0Number of asset objects unloaded after import = 1

========================================================================
Received Import Request.
  Time since last request: 0.000197 seconds.
  path: Assets/Imported Assets/FourEvilDragonsHP/Materials/DragonSoulEater/GreyHP.mat
  artifactKey: Guid(0526c5be35ba93547acf614ed1950a2f) Importer(2089858483,b0f066a214c2f5e87bad3c948f4d605d)
Start importing Assets/Imported Assets/FourEvilDragonsHP/Materials/DragonSoulEater/GreyHP.mat using Guid(0526c5be35ba93547acf614ed1950a2f) Importer(2089858483,b0f066a214c2f5e87bad3c948f4d605d) (ScriptedImporter) -> (artifact id: '3403934c99244e8c811b7f0dc455eb7c') in 0.005993541 seconds
Number of updated asset objects reloaded before import = 0Number of asset objects unloaded after import = 2

========================================================================
Received Import Request.
  Time since last request: 0.000172 seconds.
  path: Assets/Imported Assets/FourEvilDragonsHP/Animations/DragonNightMare/idle01.fbx
  artifactKey: Guid(e6a84557d6aca2f4daa1b608739267d9) Importer(2089858483,b0f066a214c2f5e87bad3c948f4d605d)
Start importing Assets/Imported Assets/FourEvilDragonsHP/Animations/DragonNightMare/idle01.fbx using Guid(e6a84557d6aca2f4daa1b608739267d9) Importer(2089858483,b0f066a214c2f5e87bad3c948f4d605d) (ScriptedImporter) -> (artifact id: 'd280547c78e4f28a4be951ee6885b994') in 0.008467417 seconds
Number of updated asset objects reloaded before import = 0Number of asset objects unloaded after import = 155

========================================================================
Received Import Request.
  Time since last request: 0.000227 seconds.
  path: Assets/Imported Assets/FourEvilDragonsHP/Animations/DragonTerrorBringer/FlyAttack.fbx
  artifactKey: Guid(215d9268815c12d4389d713b8b1f8b12) Importer(2089858483,b0f066a214c2f5e87bad3c948f4d605d)
Start importing Assets/Imported Assets/FourEvilDragonsHP/Animations/DragonTerrorBringer/FlyAttack.fbx using Guid(215d9268815c12d4389d713b8b1f8b12) Importer(2089858483,b0f066a214c2f5e87bad3c948f4d605d) (ScriptedImporter) -> (artifact id: '36ae3e90f5c123850cfa7cb3c7527121') in 0.008090542 seconds
Number of updated asset objects reloaded before import = 0Number of asset objects unloaded after import = 177

========================================================================
Received Import Request.
  Time since last request: 0.000034 seconds.
  path: Assets/Imported Assets/FourEvilDragonsHP/Animations/DragonNightMare/walkLeft.fbx
  artifactKey: Guid(f0e26e0f2a772af4a95ec08b88a49302) Importer(2089858483,b0f066a214c2f5e87bad3c948f4d605d)
Start importing Assets/Imported Assets/FourEvilDragonsHP/Animations/DragonNightMare/walkLeft.fbx using Guid(f0e26e0f2a772af4a95ec08b88a49302) Importer(2089858483,b0f066a214c2f5e87bad3c948f4d605d) (ScriptedImporter) -> (artifact id: '5b7b15e0388ff224d644bf5a8a9f3a06') in 0.008191417 seconds
Number of updated asset objects reloaded before import = 0Number of asset objects unloaded after import = 155

========================================================================
Received Import Request.
  Time since last request: 0.000048 seconds.
  path: Assets/Imported Assets/FourEvilDragonsHP/Animations/DragonUsurper/takeOff.fbx
  artifactKey: Guid(8d407c572ffcdd64a8093245d978392e) Importer(2089858483,b0f066a214c2f5e87bad3c948f4d605d)
Start importing Assets/Imported Assets/FourEvilDragonsHP/Animations/DragonUsurper/takeOff.fbx using Guid(8d407c572ffcdd64a8093245d978392e) Importer(2089858483,b0f066a214c2f5e87bad3c948f4d605d) (ScriptedImporter) -> (artifact id: '481b6222d68ec8b510a1ee6ceb9cc844') in 0.00818275 seconds
Number of updated asset objects reloaded before import = 0Number of asset objects unloaded after import = 249

========================================================================
Received Import Request.
  Time since last request: 0.000052 seconds.
  path: Assets/Imported Assets/FourEvilDragonsHP/Materials/Stage.mat
  artifactKey: Guid(34466cf7960487a4380913c62e795ebd) Importer(2089858483,b0f066a214c2f5e87bad3c948f4d605d)
Start importing Assets/Imported Assets/FourEvilDragonsHP/Materials/Stage.mat using Guid(34466cf7960487a4380913c62e795ebd) Importer(2089858483,b0f066a214c2f5e87bad3c948f4d605d) (ScriptedImporter) -> (artifact id: '17acc9a20205d0fb3856228fe3ec0744') in 0.001906666 seconds
Number of updated asset objects reloaded before import = 0Number of asset objects unloaded after import = 1

========================================================================
Received Import Request.
  Time since last request: 0.000160 seconds.
  path: Assets/Imported Assets/FourEvilDragonsHP/Animations/DragonSoulEater/Die.fbx
  artifactKey: Guid(6f83b9d81f8c7854baeca6ff691bb0c1) Importer(2089858483,b0f066a214c2f5e87bad3c948f4d605d)
Start importing Assets/Imported Assets/FourEvilDragonsHP/Animations/DragonSoulEater/Die.fbx using Guid(6f83b9d81f8c7854baeca6ff691bb0c1) Importer(2089858483,b0f066a214c2f5e87bad3c948f4d605d) (ScriptedImporter) -> (artifact id: 'a610d008eb4a455f58f87f6c1bac94de') in 0.008132125 seconds
Number of updated asset objects reloaded before import = 0Number of asset objects unloaded after import = 133

========================================================================
Received Import Request.
  Time since last request: 0.000028 seconds.
  path: Assets/Imported Assets/FourEvilDragonsHP/Animations/DragonSoulEater/Fly Float.fbx
  artifactKey: Guid(e02bdaca3b0c3284ab993c4eba862036) Importer(2089858483,b0f066a214c2f5e87bad3c948f4d605d)
Start importing Assets/Imported Assets/FourEvilDragonsHP/Animations/DragonSoulEater/Fly Float.fbx using Guid(e02bdaca3b0c3284ab993c4eba862036) Importer(2089858483,b0f066a214c2f5e87bad3c948f4d605d) (ScriptedImporter) -> (artifact id: '53d9512f7e86b899b51bd6088187974f') in 0.006851375 seconds
Number of updated asset objects reloaded before import = 0Number of asset objects unloaded after import = 133

========================================================================
Received Import Request.
  Time since last request: 0.000031 seconds.
  path: Assets/Imported Assets/FourEvilDragonsHP/Mesh/DragonTerrorBringerMesh.fbx
  artifactKey: Guid(3fa06637f7751b44b8e63a9964b181a6) Importer(2089858483,b0f066a214c2f5e87bad3c948f4d605d)
Start importing Assets/Imported Assets/FourEvilDragonsHP/Mesh/DragonTerrorBringerMesh.fbx using Guid(3fa06637f7751b44b8e63a9964b181a6) Importer(2089858483,b0f066a214c2f5e87bad3c948f4d605d) (ScriptedImporter) -> (artifact id: '8815b5de40409421562d3e438c155b37') in 0.005978625 seconds
Number of updated asset objects reloaded before import = 0Number of asset objects unloaded after import = 176

========================================================================
Received Import Request.
  Time since last request: 0.000033 seconds.
  path: Assets/Imported Assets/FST/Gladiators Low Poly Arena/Textures/FlagPole-AO.png
  artifactKey: Guid(dcc11fdee51ea8c4faaee95885da39ff) Importer(2089858483,b0f066a214c2f5e87bad3c948f4d605d)
Start importing Assets/Imported Assets/FST/Gladiators Low Poly Arena/Textures/FlagPole-AO.png using Guid(dcc11fdee51ea8c4faaee95885da39ff) Importer(2089858483,b0f066a214c2f5e87bad3c948f4d605d) (ScriptedImporter) -> (artifact id: '43cd2ee6a6f9cf1d70f446686a80c10f') in 0.004240292 seconds
Number of updated asset objects reloaded before import = 0Number of asset objects unloaded after import = 1

========================================================================
Received Import Request.
  Time since last request: 0.000273 seconds.
  path: Assets/Imported Assets/FourEvilDragonsHP/Animations/DragonNightMare/walkBack.fbx
  artifactKey: Guid(febc3ddda9a2b7e48a803fdfeeaf757d) Importer(2089858483,b0f066a214c2f5e87bad3c948f4d605d)
Start importing Assets/Imported Assets/FourEvilDragonsHP/Animations/DragonNightMare/walkBack.fbx using Guid(febc3ddda9a2b7e48a803fdfeeaf757d) Importer(2089858483,b0f066a214c2f5e87bad3c948f4d605d) (ScriptedImporter) -> (artifact id: '7c09ab497f382db47a62a69f77b0f3a5') in 0.007694208 seconds
Number of updated asset objects reloaded before import = 0Number of asset objects unloaded after import = 155

========================================================================
Received Import Request.
  Time since last request: 0.000093 seconds.
  path: Assets/Imported Assets/FourEvilDragonsHP/Animations/DragonNightMare/Horn Attack.fbx
  artifactKey: Guid(19a5a8dd9f6eaba49980048610a6e8e3) Importer(2089858483,b0f066a214c2f5e87bad3c948f4d605d)
Start importing Assets/Imported Assets/FourEvilDragonsHP/Animations/DragonNightMare/Horn Attack.fbx using Guid(19a5a8dd9f6eaba49980048610a6e8e3) Importer(2089858483,b0f066a214c2f5e87bad3c948f4d605d) (ScriptedImporter) -> (artifact id: '7000c179646df45d1b4aaac73b094310') in 0.006939708 seconds
Number of updated asset objects reloaded before import = 0Number of asset objects unloaded after import = 155

========================================================================
Received Import Request.
  Time since last request: 0.000039 seconds.
  path: Assets/Imported Assets/FourEvilDragonsHP/Animations/DragonNightMare/walk.fbx
  artifactKey: Guid(57b96fcfb13429847939b2e633026c89) Importer(2089858483,b0f066a214c2f5e87bad3c948f4d605d)
Start importing Assets/Imported Assets/FourEvilDragonsHP/Animations/DragonNightMare/walk.fbx using Guid(57b96fcfb13429847939b2e633026c89) Importer(2089858483,b0f066a214c2f5e87bad3c948f4d605d) (ScriptedImporter) -> (artifact id: '0bde360fbb99980e351e28319442fbdf') in 0.007851458 seconds
Number of updated asset objects reloaded before import = 0Number of asset objects unloaded after import = 155

========================================================================
Received Import Request.
  Time since last request: 0.000036 seconds.
  path: Assets/Imported Assets/FourEvilDragonsHP/Scene/MainScene.unity
  artifactKey: Guid(9977fdcc82a19de47b35835c45b8deb1) Importer(2089858483,b0f066a214c2f5e87bad3c948f4d605d)
Start importing Assets/Imported Assets/FourEvilDragonsHP/Scene/MainScene.unity using Guid(9977fdcc82a19de47b35835c45b8deb1) Importer(2089858483,b0f066a214c2f5e87bad3c948f4d605d) (ScriptedImporter) -> (artifact id: '82db952f01f393ba78ed9d1c751ac117') in 0.001743667 seconds
Number of updated asset objects reloaded before import = 0Number of asset objects unloaded after import = 1

========================================================================
Received Import Request.
  Time since last request: 0.000092 seconds.
  path: Assets/Imported Assets/FourEvilDragonsHP/Animations/DragonUsurper/FlyFlame.fbx
  artifactKey: Guid(5d9e1f89045bd0946b0908d6f9d29050) Importer(2089858483,b0f066a214c2f5e87bad3c948f4d605d)
Start importing Assets/Imported Assets/FourEvilDragonsHP/Animations/DragonUsurper/FlyFlame.fbx using Guid(5d9e1f89045bd0946b0908d6f9d29050) Importer(2089858483,b0f066a214c2f5e87bad3c948f4d605d) (ScriptedImporter) -> (artifact id: '6229f974ebeff55df4759b28bbb434f1') in 0.008174334 seconds
Number of updated asset objects reloaded before import = 0Number of asset objects unloaded after import = 249

========================================================================
Received Import Request.
  Time since last request: 0.000049 seconds.
  path: Assets/Imported Assets/FourEvilDragonsHP/Animations/DragonTerrorBringer/sleep.fbx
  artifactKey: Guid(d1f47f7ac86a75840bfb342ed7ca65d0) Importer(2089858483,b0f066a214c2f5e87bad3c948f4d605d)
Start importing Assets/Imported Assets/FourEvilDragonsHP/Animations/DragonTerrorBringer/sleep.fbx using Guid(d1f47f7ac86a75840bfb342ed7ca65d0) Importer(2089858483,b0f066a214c2f5e87bad3c948f4d605d) (ScriptedImporter) -> (artifact id: 'cd7555ea3d4d36c1e8225320f055169a') in 0.007177834 seconds
Number of updated asset objects reloaded before import = 0Number of asset objects unloaded after import = 177

========================================================================
Received Import Request.
  Time since last request: 0.000036 seconds.
  path: Assets/Imported Assets/FourEvilDragonsHP/Animations/DragonTerrorBringer/Basic Attack.fbx
  artifactKey: Guid(601b9e9a8720f834fb218a15d9f3ae63) Importer(2089858483,b0f066a214c2f5e87bad3c948f4d605d)
Start importing Assets/Imported Assets/FourEvilDragonsHP/Animations/DragonTerrorBringer/Basic Attack.fbx using Guid(601b9e9a8720f834fb218a15d9f3ae63) Importer(2089858483,b0f066a214c2f5e87bad3c948f4d605d) (ScriptedImporter) -> (artifact id: '089927e86b6d88f27493ccea85c4cf4c') in 0.0061205 seconds
Number of updated asset objects reloaded before import = 0Number of asset objects unloaded after import = 177

========================================================================
Received Import Request.
  Time since last request: 0.000042 seconds.
  path: Assets/Imported Assets/FourEvilDragonsHP/Materials/DragonNightmare/BlueHP.mat
  artifactKey: Guid(81d2b67dc7484724095d4343217c4e31) Importer(2089858483,b0f066a214c2f5e87bad3c948f4d605d)
Start importing Assets/Imported Assets/FourEvilDragonsHP/Materials/DragonNightmare/BlueHP.mat using Guid(81d2b67dc7484724095d4343217c4e31) Importer(2089858483,b0f066a214c2f5e87bad3c948f4d605d) (ScriptedImporter) -> (artifact id: 'ebe9f9dfe96847c96228bcc4e67e8525') in 0.004545375 seconds
Number of updated asset objects reloaded before import = 0Number of asset objects unloaded after import = 2

========================================================================
Received Import Request.
  Time since last request: 0.000052 seconds.
  path: Assets/Imported Assets/FourEvilDragonsHP/Texture/DragonUsurper/RedHP.png
  artifactKey: Guid(8afba6e8fe9a67344ab7cb4677d3da0f) Importer(2089858483,b0f066a214c2f5e87bad3c948f4d605d)
Start importing Assets/Imported Assets/FourEvilDragonsHP/Texture/DragonUsurper/RedHP.png using Guid(8afba6e8fe9a67344ab7cb4677d3da0f) Importer(2089858483,b0f066a214c2f5e87bad3c948f4d605d) (ScriptedImporter) -> (artifact id: '0e65786d3a6423e655d845af8ce9b6bf') in 0.00653025 seconds
Number of updated asset objects reloaded before import = 0Number of asset objects unloaded after import = 1

========================================================================
Received Import Request.
  Time since last request: 0.000143 seconds.
  path: Assets/Imported Assets/FourEvilDragonsHP/Texture/DragonSoulEater/BlueHP.png
  artifactKey: Guid(11ae2c7ef2ee4f745810a00f1cbbd469) Importer(2089858483,b0f066a214c2f5e87bad3c948f4d605d)
Start importing Assets/Imported Assets/FourEvilDragonsHP/Texture/DragonSoulEater/BlueHP.png using Guid(11ae2c7ef2ee4f745810a00f1cbbd469) Importer(2089858483,b0f066a214c2f5e87bad3c948f4d605d) (ScriptedImporter) -> (artifact id: '7fe2048c14a193f9eee2c70a5c4be605') in 0.005274208 seconds
Number of updated asset objects reloaded before import = 0Number of asset objects unloaded after import = 1

========================================================================
Received Import Request.
  Time since last request: 0.000099 seconds.
  path: Assets/Imported Assets/FST/Gladiators Low Poly Arena/Materials/plane.mat
  artifactKey: Guid(9e34fa3af83adc04fa00b1229fad3609) Importer(2089858483,b0f066a214c2f5e87bad3c948f4d605d)
Start importing Assets/Imported Assets/FST/Gladiators Low Poly Arena/Materials/plane.mat using Guid(9e34fa3af83adc04fa00b1229fad3609) Importer(2089858483,b0f066a214c2f5e87bad3c948f4d605d) (ScriptedImporter) -> (artifact id: 'bc5f3c75f5b4f50d118bcd95282eccd9') in 0.002492667 seconds
Number of updated asset objects reloaded before import = 0Number of asset objects unloaded after import = 1

========================================================================
Received Import Request.
  Time since last request: 0.000127 seconds.
  path: Assets/Imported Assets/FourEvilDragonsHP/Animators/SouleaterCTRL.controller
  artifactKey: Guid(3705d3d72efc1104fa7fa5b1ae6aa552) Importer(2089858483,b0f066a214c2f5e87bad3c948f4d605d)
Start importing Assets/Imported Assets/FourEvilDragonsHP/Animators/SouleaterCTRL.controller using Guid(3705d3d72efc1104fa7fa5b1ae6aa552) Importer(2089858483,b0f066a214c2f5e87bad3c948f4d605d) (ScriptedImporter) -> (artifact id: '50b436aa713fd08ad11d1a01b705ba5e') in 0.007451375 seconds
Number of updated asset objects reloaded before import = 0Number of asset objects unloaded after import = 53

========================================================================
Received Import Request.
  Time since last request: 0.000037 seconds.
  path: Assets/Imported Assets/FourEvilDragonsHP/Prefab/DragonNightmare/Blue.prefab
  artifactKey: Guid(edd34a89cfe571f4ca766dcca2459bbe) Importer(2089858483,b0f066a214c2f5e87bad3c948f4d605d)
Start importing Assets/Imported Assets/FourEvilDragonsHP/Prefab/DragonNightmare/Blue.prefab using Guid(edd34a89cfe571f4ca766dcca2459bbe) Importer(2089858483,b0f066a214c2f5e87bad3c948f4d605d) (ScriptedImporter) -> (artifact id: 'e19afb286a13bb906162fdfb14af8126') in 0.008228125 seconds
Number of updated asset objects reloaded before import = 0Number of asset objects unloaded after import = 204

========================================================================
Received Import Request.
  Time since last request: 0.000033 seconds.
  path: Assets/Imported Assets/FourEvilDragonsHP/Prefab/DragonSoulEater/Blue.prefab
  artifactKey: Guid(c644a2181ac22e740968a7ece97e8f36) Importer(2089858483,b0f066a214c2f5e87bad3c948f4d605d)
Start importing Assets/Imported Assets/FourEvilDragonsHP/Prefab/DragonSoulEater/Blue.prefab using Guid(c644a2181ac22e740968a7ece97e8f36) Importer(2089858483,b0f066a214c2f5e87bad3c948f4d605d) (ScriptedImporter) -> (artifact id: 'fbbb17a1971f1ea356111bc89bedfb51') in 0.009583833 seconds
Number of updated asset objects reloaded before import = 0Number of asset objects unloaded after import = 185

========================================================================
Received Import Request.
  Time since last request: 0.000027 seconds.
  path: Assets/Imported Assets/FourEvilDragonsHP/Animations/DragonTerrorBringer/AttackWingClaw.fbx
  artifactKey: Guid(dbbf408e4d195cf41bc2f3c7589b1c89) Importer(2089858483,b0f066a214c2f5e87bad3c948f4d605d)
Start importing Assets/Imported Assets/FourEvilDragonsHP/Animations/DragonTerrorBringer/AttackWingClaw.fbx using Guid(dbbf408e4d195cf41bc2f3c7589b1c89) Importer(2089858483,b0f066a214c2f5e87bad3c948f4d605d) (ScriptedImporter) -> (artifact id: 'a7401b2cea517830a6b0bd0c8fb01769') in 0.007387917 seconds
Number of updated asset objects reloaded before import = 0Number of asset objects unloaded after import = 177

========================================================================
Received Import Request.
  Time since last request: 0.000033 seconds.
  path: Assets/Imported Assets/FST/Gladiators Low Poly Arena/Materials/MechanismMaterial.mat
  artifactKey: Guid(817be96ef01542047ac875ec7d8a7bc9) Importer(2089858483,b0f066a214c2f5e87bad3c948f4d605d)
Start importing Assets/Imported Assets/FST/Gladiators Low Poly Arena/Materials/MechanismMaterial.mat using Guid(817be96ef01542047ac875ec7d8a7bc9) Importer(2089858483,b0f066a214c2f5e87bad3c948f4d605d) (ScriptedImporter) -> (artifact id: '3dc95f4edc48081d014dc6319f36a092') in 0.003734833 seconds
Number of updated asset objects reloaded before import = 0Number of asset objects unloaded after import = 4

========================================================================
Received Import Request.
  Time since last request: 0.000030 seconds.
  path: Assets/Imported Assets/FourEvilDragonsHP/Animations/DragonSoulEater/Fly Glide.fbx
  artifactKey: Guid(28a39de94def6c84ca4b447fa78a3a66) Importer(2089858483,b0f066a214c2f5e87bad3c948f4d605d)
Start importing Assets/Imported Assets/FourEvilDragonsHP/Animations/DragonSoulEater/Fly Glide.fbx using Guid(28a39de94def6c84ca4b447fa78a3a66) Importer(2089858483,b0f066a214c2f5e87bad3c948f4d605d) (ScriptedImporter) -> (artifact id: '2a7ee12da5872fb329a6048909a26c5e') in 0.005744291 seconds
Number of updated asset objects reloaded before import = 0Number of asset objects unloaded after import = 133

========================================================================
Received Import Request.
  Time since last request: 0.000043 seconds.
  path: Assets/Imported Assets/FST/Gladiators Low Poly Arena/Textures/Pillars-NM.png
  artifactKey: Guid(37a7691b74d6a2e449fa71abc9b4e81b) Importer(2089858483,b0f066a214c2f5e87bad3c948f4d605d)
Start importing Assets/Imported Assets/FST/Gladiators Low Poly Arena/Textures/Pillars-NM.png using Guid(37a7691b74d6a2e449fa71abc9b4e81b) Importer(2089858483,b0f066a214c2f5e87bad3c948f4d605d) (ScriptedImporter) -> (artifact id: 'd5553861a329056c7ffefbe415292ee8') in 0.004871209 seconds
Number of updated asset objects reloaded before import = 0Number of asset objects unloaded after import = 1

========================================================================
Received Import Request.
  Time since last request: 1.122588 seconds.
  path: Assets/Scripts
  artifactKey: Guid(ba8744c0027bf4aabbf58cfbdaf5faed) Importer(815301076,1909f56bfc062723c751e8b465ee728b)
Start importing Assets/Scripts using Guid(ba8744c0027bf4aabbf58cfbdaf5faed) Importer(815301076,1909f56bfc062723c751e8b465ee728b) (PreviewImporter) -> (artifact id: '1cc6c4fda4561808b258ed6136a50755') in 0.000303 seconds
Number of updated asset objects reloaded before import = 0Number of asset objects unloaded after import = 0

========================================================================
Received Import Request.
  Time since last request: 0.993545 seconds.
  path: Assets/Scripts
  artifactKey: Guid(ba8744c0027bf4aabbf58cfbdaf5faed) Importer(2089858483,b0f066a214c2f5e87bad3c948f4d605d)
Start importing Assets/Scripts using Guid(ba8744c0027bf4aabbf58cfbdaf5faed) Importer(2089858483,b0f066a214c2f5e87bad3c948f4d605d) (ScriptedImporter) -> (artifact id: 'c74335b8727e46f0c1b5bc4679782aa7') in 0.001583667 seconds
Number of updated asset objects reloaded before import = 0Number of asset objects unloaded after import = 1

========================================================================
Received Import Request.
  Time since last request: 18.097102 seconds.
  path: Assets/Audio
  artifactKey: Guid(6c64ab561b7164c12b90958e2eb62381) Importer(815301076,1909f56bfc062723c751e8b465ee728b)
Start importing Assets/Audio using Guid(6c64ab561b7164c12b90958e2eb62381) Importer(815301076,1909f56bfc062723c751e8b465ee728b) (PreviewImporter) -> (artifact id: '18720e1630777514d3e7138117ac30e2') in 0.000305667 seconds
Number of updated asset objects reloaded before import = 0Number of asset objects unloaded after import = 0

========================================================================
Received Import Request.
  Time since last request: 0.993786 seconds.
  path: Assets/Audio
  artifactKey: Guid(6c64ab561b7164c12b90958e2eb62381) Importer(2089858483,b0f066a214c2f5e87bad3c948f4d605d)
Start importing Assets/Audio using Guid(6c64ab561b7164c12b90958e2eb62381) Importer(2089858483,b0f066a214c2f5e87bad3c948f4d605d) (ScriptedImporter) -> (artifact id: 'c3aaaccdf882afe3fa5dde56cbbbd26e') in 0.002053209 seconds
Number of updated asset objects reloaded before import = 0Number of asset objects unloaded after import = 1

========================================================================
Received Import Request.
  Time since last request: 15.640831 seconds.
  path: Assets/Imported Assets/FST/Gladiators Low Poly Arena
  artifactKey: Guid(0475b7af2be2f45e194276afce60afab) Importer(815301076,1909f56bfc062723c751e8b465ee728b)
Start importing Assets/Imported Assets/FST/Gladiators Low Poly Arena using Guid(0475b7af2be2f45e194276afce60afab) Importer(815301076,1909f56bfc062723c751e8b465ee728b) (PreviewImporter) -> (artifact id: 'bef170cc2a03d4ec1f0f74c6dbf83e8e') in 0.000329125 seconds
Number of updated asset objects reloaded before import = 0Number of asset objects unloaded after import = 0

========================================================================
Received Import Request.
  Time since last request: 0.095869 seconds.
  path: Assets/Imported Assets/FST/Gladiators Low Poly Arena/Gladiator Low Poly Arena.fbx
  artifactKey: Guid(c685db5bd3a0f9b4d8ddb667b78d772f) Importer(815301076,1909f56bfc062723c751e8b465ee728b)
Start importing Assets/Imported Assets/FST/Gladiators Low Poly Arena/Gladiator Low Poly Arena.fbx using Guid(c685db5bd3a0f9b4d8ddb667b78d772f) Importer(815301076,1909f56bfc062723c751e8b465ee728b) (PreviewImporter) -> (artifact id: 'abd99deca077da15d5b6225ca2647711') in 0.63360725 seconds
Number of updated asset objects reloaded before import = 0Number of asset objects unloaded after import = 167

========================================================================
Received Import Request.
  Time since last request: 183.090407 seconds.
  path: Assets/Imported Assets/FST/Gladiators Low Poly Arena/Prefabs
  artifactKey: Guid(1b4bbe1694ef36242ab21166b57e3c19) Importer(815301076,1909f56bfc062723c751e8b465ee728b)
Start importing Assets/Imported Assets/FST/Gladiators Low Poly Arena/Prefabs using Guid(1b4bbe1694ef36242ab21166b57e3c19) Importer(815301076,1909f56bfc062723c751e8b465ee728b) (PreviewImporter) -> (artifact id: '2883efc67d249b382f4025da86a43792') in 0.00027175 seconds
Number of updated asset objects reloaded before import = 0Number of asset objects unloaded after import = 0

========================================================================
Received Import Request.
  Time since last request: 0.049845 seconds.
  path: Assets/Imported Assets/FST/Gladiators Low Poly Arena/Prefabs/Gladiator Low Poly Arena.prefab
  artifactKey: Guid(4a769d0345654f345be733003b50a3e2) Importer(815301076,1909f56bfc062723c751e8b465ee728b)
Start importing Assets/Imported Assets/FST/Gladiators Low Poly Arena/Prefabs/Gladiator Low Poly Arena.prefab using Guid(4a769d0345654f345be733003b50a3e2) Importer(815301076,1909f56bfc062723c751e8b465ee728b) (PreviewImporter) -> (artifact id: '50a4b7aa0105aa5dda5ac8bcb0f99950') in 0.0175725 seconds
Number of updated asset objects reloaded before import = 0Number of asset objects unloaded after import = 194

========================================================================
Received Import Request.
  Time since last request: 21.477665 seconds.
  path: Assets/Imported Assets/FST/Gladiators Low Poly Arena/Materials
  artifactKey: Guid(30fc057d0e4749a49ba512be799860ac) Importer(815301076,1909f56bfc062723c751e8b465ee728b)
Start importing Assets/Imported Assets/FST/Gladiators Low Poly Arena/Materials using Guid(30fc057d0e4749a49ba512be799860ac) Importer(815301076,1909f56bfc062723c751e8b465ee728b) (PreviewImporter) -> (artifact id: '7fe13357100a06907108e30c3a2f5ba9') in 0.000340542 seconds
Number of updated asset objects reloaded before import = 0Number of asset objects unloaded after import = 0

========================================================================
Received Import Request.
  Time since last request: 0.073363 seconds.
  path: Assets/Imported Assets/FST/Gladiators Low Poly Arena/Materials/ArenaGate.mat
  artifactKey: Guid(f15102c53ac84594a9c1a64bfa312c66) Importer(815301076,1909f56bfc062723c751e8b465ee728b)
Start importing Assets/Imported Assets/FST/Gladiators Low Poly Arena/Materials/ArenaGate.mat using Guid(f15102c53ac84594a9c1a64bfa312c66) Importer(815301076,1909f56bfc062723c751e8b465ee728b) (PreviewImporter) -> (artifact id: 'e01f47e2d81406a6b3b964db203750d0') in 0.023430875 seconds
Number of updated asset objects reloaded before import = 0Number of asset objects unloaded after import = 4

========================================================================
Received Import Request.
  Time since last request: 0.000032 seconds.
  path: Assets/Imported Assets/FST/Gladiators Low Poly Arena/Materials/WoodSpike.mat
  artifactKey: Guid(733305d27cc44fa4bb93047578ed6418) Importer(815301076,1909f56bfc062723c751e8b465ee728b)
Start importing Assets/Imported Assets/FST/Gladiators Low Poly Arena/Materials/WoodSpike.mat using Guid(733305d27cc44fa4bb93047578ed6418) Importer(815301076,1909f56bfc062723c751e8b465ee728b) (PreviewImporter) -> (artifact id: '4a18eefd92e65cf0d2c582329c397f42') in 0.005685541 seconds
Number of updated asset objects reloaded before import = 0Number of asset objects unloaded after import = 4

========================================================================
Received Import Request.
  Time since last request: 0.000032 seconds.
  path: Assets/Imported Assets/FST/Gladiators Low Poly Arena/Materials/FlagPoleMaterial.mat
  artifactKey: Guid(5b80fe49dc5191848bad2bdbdeae965d) Importer(815301076,1909f56bfc062723c751e8b465ee728b)
Start importing Assets/Imported Assets/FST/Gladiators Low Poly Arena/Materials/FlagPoleMaterial.mat using Guid(5b80fe49dc5191848bad2bdbdeae965d) Importer(815301076,1909f56bfc062723c751e8b465ee728b) (PreviewImporter) -> (artifact id: 'cbaa9f32bc70245da16a26ff5501dec4') in 0.00511375 seconds
Number of updated asset objects reloaded before import = 0Number of asset objects unloaded after import = 4

========================================================================
Received Import Request.
  Time since last request: 0.000033 seconds.
  path: Assets/Imported Assets/FST/Gladiators Low Poly Arena/Materials/Flag.mat
  artifactKey: Guid(10c909074d284a348a18dea39472a898) Importer(815301076,1909f56bfc062723c751e8b465ee728b)
Start importing Assets/Imported Assets/FST/Gladiators Low Poly Arena/Materials/Flag.mat using Guid(10c909074d284a348a18dea39472a898) Importer(815301076,1909f56bfc062723c751e8b465ee728b) (PreviewImporter) -> (artifact id: '5fe4ad010022dba8d262546c0898c991') in 0.005250542 seconds
Number of updated asset objects reloaded before import = 0Number of asset objects unloaded after import = 4

========================================================================
Received Import Request.
  Time since last request: 0.000175 seconds.
  path: Assets/Imported Assets/FST/Gladiators Low Poly Arena/Materials/MechanismMaterial.mat
  artifactKey: Guid(817be96ef01542047ac875ec7d8a7bc9) Importer(815301076,1909f56bfc062723c751e8b465ee728b)
Start importing Assets/Imported Assets/FST/Gladiators Low Poly Arena/Materials/MechanismMaterial.mat using Guid(817be96ef01542047ac875ec7d8a7bc9) Importer(815301076,1909f56bfc062723c751e8b465ee728b) (PreviewImporter) -> (artifact id: '66aab280a2e39715562e7a0b4e655fb7') in 0.005040875 seconds
Number of updated asset objects reloaded before import = 0Number of asset objects unloaded after import = 4

========================================================================
Received Import Request.
  Time since last request: 0.000043 seconds.
  path: Assets/Imported Assets/FST/Gladiators Low Poly Arena/Materials/PillarsMaterial.mat
  artifactKey: Guid(4d5450caebd16874c810ac0b917ea0ed) Importer(815301076,1909f56bfc062723c751e8b465ee728b)
Start importing Assets/Imported Assets/FST/Gladiators Low Poly Arena/Materials/PillarsMaterial.mat using Guid(4d5450caebd16874c810ac0b917ea0ed) Importer(815301076,1909f56bfc062723c751e8b465ee728b) (PreviewImporter) -> (artifact id: '6b4a44767bf1be4dcd342938f4683a6c') in 0.004618458 seconds
Number of updated asset objects reloaded before import = 0Number of asset objects unloaded after import = 4

========================================================================
Received Import Request.
  Time since last request: 0.000074 seconds.
  path: Assets/Imported Assets/FST/Gladiators Low Poly Arena/Materials/plane.mat
  artifactKey: Guid(9e34fa3af83adc04fa00b1229fad3609) Importer(815301076,1909f56bfc062723c751e8b465ee728b)
Start importing Assets/Imported Assets/FST/Gladiators Low Poly Arena/Materials/plane.mat using Guid(9e34fa3af83adc04fa00b1229fad3609) Importer(815301076,1909f56bfc062723c751e8b465ee728b) (PreviewImporter) -> (artifact id: 'c014799d41ebcbbebd233f766d33ca07') in 0.003630542 seconds
Number of updated asset objects reloaded before import = 0Number of asset objects unloaded after import = 1

========================================================================
Received Import Request.
  Time since last request: 3.059304 seconds.
  path: Assets/Imported Assets/FST/Gladiators Low Poly Arena/Textures/Arena-AO.png
  artifactKey: Guid(c2ad5f3bc7367ad4ea3abf5e97789bb9) Importer(815301076,1909f56bfc062723c751e8b465ee728b)
Start importing Assets/Imported Assets/FST/Gladiators Low Poly Arena/Textures/Arena-AO.png using Guid(c2ad5f3bc7367ad4ea3abf5e97789bb9) Importer(815301076,1909f56bfc062723c751e8b465ee728b) (PreviewImporter) -> (artifact id: 'be00bd1fd48a5d01477d37281a1036e0') in 0.012839333 seconds
Number of updated asset objects reloaded before import = 0Number of asset objects unloaded after import = 2

========================================================================
Received Import Request.
  Time since last request: 0.000045 seconds.
  path: Assets/Imported Assets/FST/Gladiators Low Poly Arena/Textures/Pillars-NM.png
  artifactKey: Guid(37a7691b74d6a2e449fa71abc9b4e81b) Importer(815301076,1909f56bfc062723c751e8b465ee728b)
Start importing Assets/Imported Assets/FST/Gladiators Low Poly Arena/Textures/Pillars-NM.png using Guid(37a7691b74d6a2e449fa71abc9b4e81b) Importer(815301076,1909f56bfc062723c751e8b465ee728b) (PreviewImporter) -> (artifact id: '7d3b1f77405b412e6b8e14623af8cb7a') in 0.012065708 seconds
Number of updated asset objects reloaded before import = 0Number of asset objects unloaded after import = 2

========================================================================
Received Import Request.
  Time since last request: 0.000033 seconds.
  path: Assets/Imported Assets/FST/Gladiators Low Poly Arena/Textures/Flags-AO.png
  artifactKey: Guid(0b2b0b3d2c4cfda45aaf3fe4c1fa999e) Importer(815301076,1909f56bfc062723c751e8b465ee728b)
Start importing Assets/Imported Assets/FST/Gladiators Low Poly Arena/Textures/Flags-AO.png using Guid(0b2b0b3d2c4cfda45aaf3fe4c1fa999e) Importer(815301076,1909f56bfc062723c751e8b465ee728b) (PreviewImporter) -> (artifact id: '51cbabb294c1f094a0c676356063a128') in 0.002920666 seconds
Number of updated asset objects reloaded before import = 0Number of asset objects unloaded after import = 2

========================================================================
Received Import Request.
  Time since last request: 0.000028 seconds.
  path: Assets/Imported Assets/FST/Gladiators Low Poly Arena/Textures/Pillars-Albedo.png
  artifactKey: Guid(5b59fbf70dbe52c4c9212b68ae1f7842) Importer(815301076,1909f56bfc062723c751e8b465ee728b)
Start importing Assets/Imported Assets/FST/Gladiators Low Poly Arena/Textures/Pillars-Albedo.png using Guid(5b59fbf70dbe52c4c9212b68ae1f7842) Importer(815301076,1909f56bfc062723c751e8b465ee728b) (PreviewImporter) -> (artifact id: '682124b8b1d23906c348d50d18c3a53f') in 0.002839167 seconds
Number of updated asset objects reloaded before import = 0Number of asset objects unloaded after import = 2

========================================================================
Received Import Request.
  Time since last request: 0.000070 seconds.
  path: Assets/Imported Assets/FST/Gladiators Low Poly Arena/Textures/WoodSpikes-NM.png
  artifactKey: Guid(399427ee6d10f0f4cba969a01ce98d01) Importer(815301076,1909f56bfc062723c751e8b465ee728b)
Start importing Assets/Imported Assets/FST/Gladiators Low Poly Arena/Textures/WoodSpikes-NM.png using Guid(399427ee6d10f0f4cba969a01ce98d01) Importer(815301076,1909f56bfc062723c751e8b465ee728b) (PreviewImporter) -> (artifact id: '01c34cf8e513b85bb1bef90016c12b94') in 0.003981 seconds
Number of updated asset objects reloaded before import = 0Number of asset objects unloaded after import = 2

========================================================================
Received Import Request.
  Time since last request: 0.000064 seconds.
  path: Assets/Imported Assets/FST/Gladiators Low Poly Arena/Textures/Mechanism-AO.png
  artifactKey: Guid(9718345c54aff5a4ebc325f3ebe7a534) Importer(815301076,1909f56bfc062723c751e8b465ee728b)
Start importing Assets/Imported Assets/FST/Gladiators Low Poly Arena/Textures/Mechanism-AO.png using Guid(9718345c54aff5a4ebc325f3ebe7a534) Importer(815301076,1909f56bfc062723c751e8b465ee728b) (PreviewImporter) -> (artifact id: '740a18c6478288e2665f260a68e6477d') in 0.00298175 seconds
Number of updated asset objects reloaded before import = 0Number of asset objects unloaded after import = 2

========================================================================
Received Import Request.
  Time since last request: 0.000032 seconds.
  path: Assets/Imported Assets/FST/Gladiators Low Poly Arena/Textures/Flags-Albedo.png
  artifactKey: Guid(df098a30d98a3414ebe4adadce18ed3f) Importer(815301076,1909f56bfc062723c751e8b465ee728b)
Start importing Assets/Imported Assets/FST/Gladiators Low Poly Arena/Textures/Flags-Albedo.png using Guid(df098a30d98a3414ebe4adadce18ed3f) Importer(815301076,1909f56bfc062723c751e8b465ee728b) (PreviewImporter) -> (artifact id: '48ac75bb6219a961cad33c91ca8ec3c4') in 0.003676834 seconds
Number of updated asset objects reloaded before import = 0Number of asset objects unloaded after import = 2

========================================================================
Received Import Request.
  Time since last request: 0.000084 seconds.
  path: Assets/Imported Assets/FST/Gladiators Low Poly Arena/Textures/Mechanism-Albedo.png
  artifactKey: Guid(a515ad33c41fb0f47b8d47e3ee3f94e5) Importer(815301076,1909f56bfc062723c751e8b465ee728b)
Start importing Assets/Imported Assets/FST/Gladiators Low Poly Arena/Textures/Mechanism-Albedo.png using Guid(a515ad33c41fb0f47b8d47e3ee3f94e5) Importer(815301076,1909f56bfc062723c751e8b465ee728b) (PreviewImporter) -> (artifact id: 'c580726e354562d2dc3746a22a41aa13') in 0.003676792 seconds
Number of updated asset objects reloaded before import = 0Number of asset objects unloaded after import = 2

========================================================================
Received Import Request.
  Time since last request: 0.000049 seconds.
  path: Assets/Imported Assets/FST/Gladiators Low Poly Arena/Textures/WoodSpikes-Albedo.png
  artifactKey: Guid(85b4237374027844398f08b3eff16578) Importer(815301076,1909f56bfc062723c751e8b465ee728b)
Start importing Assets/Imported Assets/FST/Gladiators Low Poly Arena/Textures/WoodSpikes-Albedo.png using Guid(85b4237374027844398f08b3eff16578) Importer(815301076,1909f56bfc062723c751e8b465ee728b) (PreviewImporter) -> (artifact id: '71c45c14df45753bab4bf38ad3398ace') in 0.003206 seconds
Number of updated asset objects reloaded before import = 0Number of asset objects unloaded after import = 2

========================================================================
Received Prepare
Begin MonoManager ReloadAssembly
[Licensing::Client] Successfully resolved entitlement details
Thread 0x16dffb000 may have been prematurely finalized
- Loaded All Assemblies, in  0.143 seconds
Refreshing native plugins compatible for Editor in 0.00 ms, found 0 plugins.
Native extension for OSXStandalone target not found
Native extension for WebGL target not found
[Package Manager] Failed to launch server process. Reason: Unity was launched with the -noUpm command-line argument
[Package Manager] Unable to send message (not connected to server process).
[Package Manager] Cannot connect to Unity Package Manager local server
ScheduleIndexationOnStartup MainProcess:False IndexOnStartup:True
Mono: successfully reloaded assembly
- Finished resetting the current domain, in  0.185 seconds
Domain Reload Profiling: 328ms
	BeginReloadAssembly (90ms)
		ExecutionOrderSort (0ms)
		DisableScriptedObjects (2ms)
		BackupInstance (0ms)
		ReleaseScriptingObjects (0ms)
		CreateAndSetChildDomain (24ms)
	RebuildCommonClasses (26ms)
	RebuildNativeTypeToScriptingClass (9ms)
	initialDomainReloadingComplete (9ms)
	LoadAllAssembliesAndSetupDomain (9ms)
		LoadAssemblies (36ms)
		RebuildTransferFunctionScriptingTraits (0ms)
		AnalyzeDomain (7ms)
			TypeCache.Refresh (4ms)
				TypeCache.ScanAssembly (0ms)
			BuildScriptInfoCaches (2ms)
			ResolveRequiredComponents (0ms)
	FinalizeReload (185ms)
		ReleaseScriptCaches (0ms)
		RebuildScriptCaches (0ms)
		SetupLoadedEditorAssemblies (127ms)
			LogAssemblyErrors (0ms)
			InitializePlatformSupportModulesInManaged (1ms)
			SetLoadedEditorAssemblies (2ms)
			BeforeProcessingInitializeOnLoad (49ms)
			ProcessInitializeOnLoadAttributes (55ms)
			ProcessInitializeOnLoadMethodAttributes (19ms)
			AfterProcessingInitializeOnLoad (1ms)
			EditorAssembliesLoaded (0ms)
		ExecutionOrderSort2 (0ms)
		AwakeInstancesAfterBackupRestoration (2ms)
Refreshing native plugins compatible for Editor in 0.00 ms, found 0 plugins.
Preloading 0 native plugins for Editor in 0.00 ms.
Unloading 1 Unused Serialized files (Serialized files now loaded: 0)
Unloading 65 unused Assets / (134.1 KB). Loaded Objects now: 708.
Memory consumption went from 67.8 MB to 67.7 MB.
Total: 3.227792 ms (FindLiveObjects: 0.021208 ms CreateObjectMapping: 0.004042 ms MarkObjects: 3.141125 ms  DeleteObjects: 0.061291 ms)

Prepare: number of updated asset objects reloaded= 0
========================================================================
Received Import Request.
  Time since last request: 323.117723 seconds.
  path: Assets/cave_troll
  artifactKey: Guid(2bd12655ec33a4577965d2875f0058f8) Importer(815301076,1909f56bfc062723c751e8b465ee728b)
Start importing Assets/cave_troll using Guid(2bd12655ec33a4577965d2875f0058f8) Importer(815301076,1909f56bfc062723c751e8b465ee728b) (PreviewImporter) -> (artifact id: '2ee1591d51a7c236331a547f27460c20') in 0.000787458 seconds
Number of updated asset objects reloaded before import = 0Number of asset objects unloaded after import = 0

========================================================================
Received Prepare
Refreshing native plugins compatible for Editor in 0.00 ms, found 0 plugins.
Preloading 0 native plugins for Editor in 0.00 ms.
Unloading 1 Unused Serialized files (Serialized files now loaded: 0)
Unloading 64 unused Assets / (133.1 KB). Loaded Objects now: 708.
Memory consumption went from 62.3 MB to 62.2 MB.
Total: 3.398458 ms (FindLiveObjects: 0.024291 ms CreateObjectMapping: 0.004792 ms MarkObjects: 3.300583 ms  DeleteObjects: 0.068500 ms)

Prepare: number of updated asset objects reloaded= 0
========================================================================
Received Prepare
Begin MonoManager ReloadAssembly
Thread 0x16dffb000 may have been prematurely finalized
- Loaded All Assemblies, in  0.127 seconds
Refreshing native plugins compatible for Editor in 0.00 ms, found 0 plugins.
Native extension for OSXStandalone target not found
Native extension for WebGL target not found
[Package Manager] Failed to launch server process. Reason: Unity was launched with the -noUpm command-line argument
[Package Manager] Unable to send message (not connected to server process).
[Package Manager] Cannot connect to Unity Package Manager local server
ScheduleIndexationOnStartup MainProcess:False IndexOnStartup:True
Mono: successfully reloaded assembly
- Finished resetting the current domain, in  0.188 seconds
Domain Reload Profiling: 315ms
	BeginReloadAssembly (76ms)
		ExecutionOrderSort (0ms)
		DisableScriptedObjects (3ms)
		BackupInstance (0ms)
		ReleaseScriptingObjects (0ms)
		CreateAndSetChildDomain (18ms)
	RebuildCommonClasses (25ms)
	RebuildNativeTypeToScriptingClass (9ms)
	initialDomainReloadingComplete (9ms)
	LoadAllAssembliesAndSetupDomain (8ms)
		LoadAssemblies (30ms)
		RebuildTransferFunctionScriptingTraits (0ms)
		AnalyzeDomain (6ms)
			TypeCache.Refresh (3ms)
				TypeCache.ScanAssembly (0ms)
			BuildScriptInfoCaches (1ms)
			ResolveRequiredComponents (0ms)
	FinalizeReload (188ms)
		ReleaseScriptCaches (0ms)
		RebuildScriptCaches (0ms)
		SetupLoadedEditorAssemblies (131ms)
			LogAssemblyErrors (0ms)
			InitializePlatformSupportModulesInManaged (1ms)
			SetLoadedEditorAssemblies (3ms)
			BeforeProcessingInitializeOnLoad (48ms)
			ProcessInitializeOnLoadAttributes (58ms)
			ProcessInitializeOnLoadMethodAttributes (19ms)
			AfterProcessingInitializeOnLoad (1ms)
			EditorAssembliesLoaded (0ms)
		ExecutionOrderSort2 (0ms)
		AwakeInstancesAfterBackupRestoration (2ms)
Refreshing native plugins compatible for Editor in 0.00 ms, found 0 plugins.
Preloading 0 native plugins for Editor in 0.00 ms.
Unloading 1 Unused Serialized files (Serialized files now loaded: 0)
Unloading 64 unused Assets / (133.1 KB). Loaded Objects now: 708.
Memory consumption went from 67.8 MB to 67.7 MB.
Total: 3.342458 ms (FindLiveObjects: 0.028083 ms CreateObjectMapping: 0.004792 ms MarkObjects: 3.233125 ms  DeleteObjects: 0.076291 ms)

Prepare: number of updated asset objects reloaded= 0
========================================================================
Received Import Request.
  Time since last request: 46.931620 seconds.
  path: Assets/Imported Assets/cave_troll/meshes/troll_.fbx
  artifactKey: Guid(34bf333920b9886469ea633c17e22d4d) Importer(2089858483,b0f066a214c2f5e87bad3c948f4d605d)
Start importing Assets/Imported Assets/cave_troll/meshes/troll_.fbx using Guid(34bf333920b9886469ea633c17e22d4d) Importer(2089858483,b0f066a214c2f5e87bad3c948f4d605d) (ScriptedImporter) -> (artifact id: '8d8b1bddc5dc55238054c00849d40468') in 0.116100542 seconds
Number of updated asset objects reloaded before import = 0Number of asset objects unloaded after import = 242

========================================================================
Received Import Request.
  Time since last request: 0.000047 seconds.
  path: Assets/Imported Assets/Imp/Textures/GroundColor 2.png
  artifactKey: Guid(df35cee852ced274abc9eb09ad6a107c) Importer(2089858483,b0f066a214c2f5e87bad3c948f4d605d)
Start importing Assets/Imported Assets/Imp/Textures/GroundColor 2.png using Guid(df35cee852ced274abc9eb09ad6a107c) Importer(2089858483,b0f066a214c2f5e87bad3c948f4d605d) (ScriptedImporter) -> (artifact id: '4cf2cb009f9836206ceb811a6d54daec') in 0.021899792 seconds
Number of updated asset objects reloaded before import = 0Number of asset objects unloaded after import = 1

========================================================================
Received Import Request.
  Time since last request: 0.000117 seconds.
  path: Assets/Imported Assets/Imp/Textures/ImpColorBrownComplet.png
  artifactKey: Guid(0039ecadd36290c409809b0841dd565b) Importer(2089858483,b0f066a214c2f5e87bad3c948f4d605d)
Start importing Assets/Imported Assets/Imp/Textures/ImpColorBrownComplet.png using Guid(0039ecadd36290c409809b0841dd565b) Importer(2089858483,b0f066a214c2f5e87bad3c948f4d605d) (ScriptedImporter) -> (artifact id: '95318867c6dd9dead2186c4cebb4188d') in 0.005109417 seconds
Number of updated asset objects reloaded before import = 0Number of asset objects unloaded after import = 1

========================================================================
Received Import Request.
  Time since last request: 0.000137 seconds.
  path: Assets/Imported Assets/cave_troll/materials
  artifactKey: Guid(27a779c518042734da4f49508b989169) Importer(2089858483,b0f066a214c2f5e87bad3c948f4d605d)
Start importing Assets/Imported Assets/cave_troll/materials using Guid(27a779c518042734da4f49508b989169) Importer(2089858483,b0f066a214c2f5e87bad3c948f4d605d) (ScriptedImporter) -> (artifact id: '144e8562f50966ae7a2d11a08e4acfaf') in 0.00096025 seconds
Number of updated asset objects reloaded before import = 0Number of asset objects unloaded after import = 1

========================================================================
Received Import Request.
  Time since last request: 0.000107 seconds.
  path: Assets/Imported Assets/Imp/Animations/Idle.anim
  artifactKey: Guid(72fad1019e147d1499bccf44cbcc2f8b) Importer(2089858483,b0f066a214c2f5e87bad3c948f4d605d)
Start importing Assets/Imported Assets/Imp/Animations/Idle.anim using Guid(72fad1019e147d1499bccf44cbcc2f8b) Importer(2089858483,b0f066a214c2f5e87bad3c948f4d605d) (ScriptedImporter) -> (artifact id: '2b4a65925d930e7079e6f5f1f04a1615') in 0.004532084 seconds
Number of updated asset objects reloaded before import = 0Number of asset objects unloaded after import = 1

========================================================================
Received Import Request.
  Time since last request: 0.000152 seconds.
  path: Assets/Imported Assets/Imp/Prefabs/Imp Brown.prefab
  artifactKey: Guid(fe549c3ae3ca39d4f82ccae00eafc008) Importer(2089858483,b0f066a214c2f5e87bad3c948f4d605d)
Start importing Assets/Imported Assets/Imp/Prefabs/Imp Brown.prefab using Guid(fe549c3ae3ca39d4f82ccae00eafc008) Importer(2089858483,b0f066a214c2f5e87bad3c948f4d605d) (ScriptedImporter) -> (artifact id: 'a024c4d26ec7bbdfae39ac001dc8accb') in 0.01011475 seconds
Number of updated asset objects reloaded before import = 0Number of asset objects unloaded after import = 356

========================================================================
Received Import Request.
  Time since last request: 0.000029 seconds.
  path: Assets/Imported Assets/Hatogame_new/BossMonsterPack1/Wolfboss/Animation/Wolfboss@walk.FBX
  artifactKey: Guid(15f0f7c5c4f614e4f9a15a4543d0e94e) Importer(2089858483,b0f066a214c2f5e87bad3c948f4d605d)
Start importing Assets/Imported Assets/Hatogame_new/BossMonsterPack1/Wolfboss/Animation/Wolfboss@walk.FBX using Guid(15f0f7c5c4f614e4f9a15a4543d0e94e) Importer(2089858483,b0f066a214c2f5e87bad3c948f4d605d) (ScriptedImporter) -> (artifact id: '68ab270e001e205eabd18f8a9d5ddcc1') in 0.003974625 seconds
Number of updated asset objects reloaded before import = 0Number of asset objects unloaded after import = 141

========================================================================
Received Import Request.
  Time since last request: 0.000042 seconds.
  path: Assets/Imported Assets/Imp/Animations/Take Damage.anim
  artifactKey: Guid(8ee18431ad0aec04f94ecd9acca30566) Importer(2089858483,b0f066a214c2f5e87bad3c948f4d605d)
Start importing Assets/Imported Assets/Imp/Animations/Take Damage.anim using Guid(8ee18431ad0aec04f94ecd9acca30566) Importer(2089858483,b0f066a214c2f5e87bad3c948f4d605d) (ScriptedImporter) -> (artifact id: 'efd2d4572e6ed656fe31fb53d28161b5') in 0.004553791 seconds
Number of updated asset objects reloaded before import = 0Number of asset objects unloaded after import = 1

========================================================================
Received Import Request.
  Time since last request: 0.000139 seconds.
  path: Assets/Imported Assets/Hatogame_new/BossMonsterPack1/Wolfboss/Animation/Wolfboss@die.FBX
  artifactKey: Guid(0447182bd66f5ca4fb61d2d2e771bb56) Importer(2089858483,b0f066a214c2f5e87bad3c948f4d605d)
Start importing Assets/Imported Assets/Hatogame_new/BossMonsterPack1/Wolfboss/Animation/Wolfboss@die.FBX using Guid(0447182bd66f5ca4fb61d2d2e771bb56) Importer(2089858483,b0f066a214c2f5e87bad3c948f4d605d) (ScriptedImporter) -> (artifact id: '1f1de6f0c809baf45837f301459ca7c5') in 0.006122708 seconds
Number of updated asset objects reloaded before import = 0Number of asset objects unloaded after import = 141

========================================================================
Received Import Request.
  Time since last request: 0.000049 seconds.
  path: Assets/Imported Assets/Imp/Animations/Take Damage2.anim
  artifactKey: Guid(f9b6b653f977fd9449a6302329e38f77) Importer(2089858483,b0f066a214c2f5e87bad3c948f4d605d)
Start importing Assets/Imported Assets/Imp/Animations/Take Damage2.anim using Guid(f9b6b653f977fd9449a6302329e38f77) Importer(2089858483,b0f066a214c2f5e87bad3c948f4d605d) (ScriptedImporter) -> (artifact id: '914156550de850c9ee81d3d1cb7ff88c') in 0.004851 seconds
Number of updated asset objects reloaded before import = 0Number of asset objects unloaded after import = 1

========================================================================
Received Import Request.
  Time since last request: 0.000064 seconds.
  path: Assets/Imported Assets/Imp
  artifactKey: Guid(55d11624f5f54d44d990753af90952d7) Importer(2089858483,b0f066a214c2f5e87bad3c948f4d605d)
Start importing Assets/Imported Assets/Imp using Guid(55d11624f5f54d44d990753af90952d7) Importer(2089858483,b0f066a214c2f5e87bad3c948f4d605d) (ScriptedImporter) -> (artifact id: '4c7e7c465c4c965363318142c1b61b33') in 0.001217084 seconds
Number of updated asset objects reloaded before import = 0Number of asset objects unloaded after import = 1

========================================================================
Received Import Request.
  Time since last request: 0.000152 seconds.
  path: Assets/Imported Assets/Imp/Textures/Imp.Roughness.png
  artifactKey: Guid(e24fed687a0c4d84aa7330486255b48e) Importer(2089858483,b0f066a214c2f5e87bad3c948f4d605d)
Start importing Assets/Imported Assets/Imp/Textures/Imp.Roughness.png using Guid(e24fed687a0c4d84aa7330486255b48e) Importer(2089858483,b0f066a214c2f5e87bad3c948f4d605d) (ScriptedImporter) -> (artifact id: '16d514284edcf3b571c98752e11ec967') in 0.0055215 seconds
Number of updated asset objects reloaded before import = 0Number of asset objects unloaded after import = 1

========================================================================
Received Import Request.
  Time since last request: 0.000126 seconds.
  path: Assets/Imported Assets/cave_troll/shaders/Standard Two Sided Soft Blend.shader
  artifactKey: Guid(0e0a82bf22d4cb54eaf67de67da2b0a6) Importer(2089858483,b0f066a214c2f5e87bad3c948f4d605d)
Start importing Assets/Imported Assets/cave_troll/shaders/Standard Two Sided Soft Blend.shader using Guid(0e0a82bf22d4cb54eaf67de67da2b0a6) Importer(2089858483,b0f066a214c2f5e87bad3c948f4d605d) (ScriptedImporter) -> (artifact id: '40623ebfd9696e44810f23f674f6387e') in 0.006282542 seconds
Number of updated asset objects reloaded before import = 0Number of asset objects unloaded after import = 1

========================================================================
Received Import Request.
  Time since last request: 0.000146 seconds.
  path: Assets/Imported Assets/cave_troll/textures/troll_low_troll_body_mat_SpecularSmoothness.tga
  artifactKey: Guid(9b57c1f6041d7294fb055d9c8d773f57) Importer(2089858483,b0f066a214c2f5e87bad3c948f4d605d)
Start importing Assets/Imported Assets/cave_troll/textures/troll_low_troll_body_mat_SpecularSmoothness.tga using Guid(9b57c1f6041d7294fb055d9c8d773f57) Importer(2089858483,b0f066a214c2f5e87bad3c948f4d605d) (ScriptedImporter) -> (artifact id: '9d6986c8a3971faf95c1d4f230761e36') in 0.007472667 seconds
Number of updated asset objects reloaded before import = 0Number of asset objects unloaded after import = 1

========================================================================
Received Import Request.
  Time since last request: 0.000068 seconds.
  path: Assets/Imported Assets/Hatogame_new
  artifactKey: Guid(019bd272bdd3541608eb5d6c7c9a486f) Importer(2089858483,b0f066a214c2f5e87bad3c948f4d605d)
Start importing Assets/Imported Assets/Hatogame_new using Guid(019bd272bdd3541608eb5d6c7c9a486f) Importer(2089858483,b0f066a214c2f5e87bad3c948f4d605d) (ScriptedImporter) -> (artifact id: 'a27e2d654fa6a360421e2e47878c2616') in 0.00104525 seconds
Number of updated asset objects reloaded before import = 0Number of asset objects unloaded after import = 1

========================================================================
Received Import Request.
  Time since last request: 0.000124 seconds.
  path: Assets/Imported Assets/Hatogame_new/BossMonsterPack1/Wolfboss/Animation/Wolfboss@attack2.FBX
  artifactKey: Guid(267fdc1a4e2e3da4cb55529bfe46a45f) Importer(2089858483,b0f066a214c2f5e87bad3c948f4d605d)
Start importing Assets/Imported Assets/Hatogame_new/BossMonsterPack1/Wolfboss/Animation/Wolfboss@attack2.FBX using Guid(267fdc1a4e2e3da4cb55529bfe46a45f) Importer(2089858483,b0f066a214c2f5e87bad3c948f4d605d) (ScriptedImporter) -> (artifact id: '495b07dfaaa441b898865bebac8c11b2') in 0.00657275 seconds
Number of updated asset objects reloaded before import = 0Number of asset objects unloaded after import = 141

========================================================================
Received Import Request.
  Time since last request: 0.000046 seconds.
  path: Assets/Imported Assets/cave_troll/textures/troll_low_troll_body_mat_Normal.tga
  artifactKey: Guid(45dcee090d03f164aa557687e8db8373) Importer(2089858483,b0f066a214c2f5e87bad3c948f4d605d)
Start importing Assets/Imported Assets/cave_troll/textures/troll_low_troll_body_mat_Normal.tga using Guid(45dcee090d03f164aa557687e8db8373) Importer(2089858483,b0f066a214c2f5e87bad3c948f4d605d) (ScriptedImporter) -> (artifact id: '9eaeba19517efed8895bda5222808051') in 0.006628625 seconds
Number of updated asset objects reloaded before import = 0Number of asset objects unloaded after import = 1

========================================================================
Received Import Request.
  Time since last request: 0.000062 seconds.
  path: Assets/Imported Assets/Hatogame_new/BossMonsterPack1/Wolfboss/Material
  artifactKey: Guid(5324c87a0c0b79740afeaa2c26e29454) Importer(2089858483,b0f066a214c2f5e87bad3c948f4d605d)
Start importing Assets/Imported Assets/Hatogame_new/BossMonsterPack1/Wolfboss/Material using Guid(5324c87a0c0b79740afeaa2c26e29454) Importer(2089858483,b0f066a214c2f5e87bad3c948f4d605d) (ScriptedImporter) -> (artifact id: 'a2c3272d132aa31412623a822caceb71') in 0.00105575 seconds
Number of updated asset objects reloaded before import = 0Number of asset objects unloaded after import = 1

========================================================================
Received Import Request.
  Time since last request: 0.000069 seconds.
  path: Assets/Imported Assets/Hatogame_new/BossMonsterPack1/Wolfboss/Textures/Wolfboss_Normal.png
  artifactKey: Guid(f5dbd73f44444cc43979d661c0c657b9) Importer(2089858483,b0f066a214c2f5e87bad3c948f4d605d)
Start importing Assets/Imported Assets/Hatogame_new/BossMonsterPack1/Wolfboss/Textures/Wolfboss_Normal.png using Guid(f5dbd73f44444cc43979d661c0c657b9) Importer(2089858483,b0f066a214c2f5e87bad3c948f4d605d) (ScriptedImporter) -> (artifact id: '14b124d0e55804b69d5668b37b6ad1c9') in 0.007266041 seconds
Number of updated asset objects reloaded before import = 0Number of asset objects unloaded after import = 1

========================================================================
Received Import Request.
  Time since last request: 0.000145 seconds.
  path: Assets/Imported Assets/cave_troll/textures/troll_tanga_mat_MetallicSmoothness.tga
  artifactKey: Guid(8fda7515071dd164dace872e0c240cb5) Importer(2089858483,b0f066a214c2f5e87bad3c948f4d605d)
Start importing Assets/Imported Assets/cave_troll/textures/troll_tanga_mat_MetallicSmoothness.tga using Guid(8fda7515071dd164dace872e0c240cb5) Importer(2089858483,b0f066a214c2f5e87bad3c948f4d605d) (ScriptedImporter) -> (artifact id: 'dd11af9bfced35ee402e122e6a5b1679') in 0.007568833 seconds
Number of updated asset objects reloaded before import = 0Number of asset objects unloaded after import = 1

========================================================================
Received Import Request.
  Time since last request: 0.000274 seconds.
  path: Assets/Imported Assets/Imp/Materials/Imp Blue Material.mat
  artifactKey: Guid(ef24f80715ee3e14fba26c5f0aa39bcf) Importer(2089858483,b0f066a214c2f5e87bad3c948f4d605d)
Start importing Assets/Imported Assets/Imp/Materials/Imp Blue Material.mat using Guid(ef24f80715ee3e14fba26c5f0aa39bcf) Importer(2089858483,b0f066a214c2f5e87bad3c948f4d605d) (ScriptedImporter) -> (artifact id: 'd41c15b96880dac23ada7730a13bc6b4') in 0.039091041 seconds
Number of updated asset objects reloaded before import = 0Number of asset objects unloaded after import = 4

========================================================================
Received Import Request.
  Time since last request: 0.000033 seconds.
  path: Assets/Imported Assets/Hatogame_new/BossMonsterPack1/Wolfboss/Animation
  artifactKey: Guid(80808637ac4bc00498efe2e60dbbc2ef) Importer(2089858483,b0f066a214c2f5e87bad3c948f4d605d)
Start importing Assets/Imported Assets/Hatogame_new/BossMonsterPack1/Wolfboss/Animation using Guid(80808637ac4bc00498efe2e60dbbc2ef) Importer(2089858483,b0f066a214c2f5e87bad3c948f4d605d) (ScriptedImporter) -> (artifact id: 'c9b8ffbd5ec3d551339fc9e0bba088b3') in 0.000810916 seconds
Number of updated asset objects reloaded before import = 0Number of asset objects unloaded after import = 1

========================================================================
Received Import Request.
  Time since last request: 0.000079 seconds.
  path: Assets/Imported Assets/Imp/Animations/Move.anim
  artifactKey: Guid(c70d9d029a922ab459a262414ab0610a) Importer(2089858483,b0f066a214c2f5e87bad3c948f4d605d)
Start importing Assets/Imported Assets/Imp/Animations/Move.anim using Guid(c70d9d029a922ab459a262414ab0610a) Importer(2089858483,b0f066a214c2f5e87bad3c948f4d605d) (ScriptedImporter) -> (artifact id: 'f24f7c099e4ae708eca55c4c84fc1cbc') in 0.004985417 seconds
Number of updated asset objects reloaded before import = 0Number of asset objects unloaded after import = 1

========================================================================
Received Import Request.
  Time since last request: 0.000088 seconds.
  path: Assets/Imported Assets/Imp/Materials/Imp Red Material.mat
  artifactKey: Guid(a91d12c6f361e514fb34ce91b806dac6) Importer(2089858483,b0f066a214c2f5e87bad3c948f4d605d)
Start importing Assets/Imported Assets/Imp/Materials/Imp Red Material.mat using Guid(a91d12c6f361e514fb34ce91b806dac6) Importer(2089858483,b0f066a214c2f5e87bad3c948f4d605d) (ScriptedImporter) -> (artifact id: '82651f06b1a2073f852839f2a82a96e8') in 0.007450542 seconds
Number of updated asset objects reloaded before import = 0Number of asset objects unloaded after import = 4

========================================================================
Received Import Request.
  Time since last request: 0.000029 seconds.
  path: Assets/Imported Assets/Imp/Demo
  artifactKey: Guid(6ea315d0fd7389c41b19996891e99ae3) Importer(2089858483,b0f066a214c2f5e87bad3c948f4d605d)
Start importing Assets/Imported Assets/Imp/Demo using Guid(6ea315d0fd7389c41b19996891e99ae3) Importer(2089858483,b0f066a214c2f5e87bad3c948f4d605d) (ScriptedImporter) -> (artifact id: '65b13d2eb3b80e91d3e8f9ec48cf8205') in 0.000739125 seconds
Number of updated asset objects reloaded before import = 0Number of asset objects unloaded after import = 1

========================================================================
Received Import Request.
  Time since last request: 0.000250 seconds.
  path: Assets/Imported Assets/cave_troll/materials/troll_tanga.mat
  artifactKey: Guid(c59556e62f7e1094b8206ac37331476d) Importer(2089858483,b0f066a214c2f5e87bad3c948f4d605d)
Start importing Assets/Imported Assets/cave_troll/materials/troll_tanga.mat using Guid(c59556e62f7e1094b8206ac37331476d) Importer(2089858483,b0f066a214c2f5e87bad3c948f4d605d) (ScriptedImporter) -> (artifact id: '2ac602812248f3fd1dd807ac130a9961') in 0.014483958 seconds
Number of updated asset objects reloaded before import = 0Number of asset objects unloaded after import = 4

========================================================================
Received Import Request.
  Time since last request: 0.000026 seconds.
  path: Assets/Imported Assets/cave_troll/demo
  artifactKey: Guid(cf1f02bb91760574f89d0722df894fe2) Importer(2089858483,b0f066a214c2f5e87bad3c948f4d605d)
Start importing Assets/Imported Assets/cave_troll/demo using Guid(cf1f02bb91760574f89d0722df894fe2) Importer(2089858483,b0f066a214c2f5e87bad3c948f4d605d) (ScriptedImporter) -> (artifact id: '151a1951e48c3aa587b063f287c44507') in 0.000731875 seconds
Number of updated asset objects reloaded before import = 0Number of asset objects unloaded after import = 1

========================================================================
Received Import Request.
  Time since last request: 0.000055 seconds.
  path: Assets/Imported Assets/Imp/Models/Imp.fbx
  artifactKey: Guid(e294eebfc7d387146a0ca4214b75375d) Importer(2089858483,b0f066a214c2f5e87bad3c948f4d605d)
Start importing Assets/Imported Assets/Imp/Models/Imp.fbx using Guid(e294eebfc7d387146a0ca4214b75375d) Importer(2089858483,b0f066a214c2f5e87bad3c948f4d605d) (ScriptedImporter) -> (artifact id: '0672343890eba2c416575ef9cf99eb3a') in 0.018915916 seconds
Number of updated asset objects reloaded before import = 0Number of asset objects unloaded after import = 364

========================================================================
Received Import Request.
  Time since last request: 0.000031 seconds.
  path: Assets/Imported Assets/Hatogame_new/BossMonsterPack1/Wolfboss/Perfabs/Wolfboss_B.prefab
  artifactKey: Guid(4bbd87a5c12e92748ab033feeaee5e85) Importer(2089858483,b0f066a214c2f5e87bad3c948f4d605d)
Start importing Assets/Imported Assets/Hatogame_new/BossMonsterPack1/Wolfboss/Perfabs/Wolfboss_B.prefab using Guid(4bbd87a5c12e92748ab033feeaee5e85) Importer(2089858483,b0f066a214c2f5e87bad3c948f4d605d) (ScriptedImporter) -> (artifact id: '99cffa5b3692ca86eeb94d4cbe9adac8') in 0.012448541 seconds
Number of updated asset objects reloaded before import = 0Number of asset objects unloaded after import = 319

========================================================================
Received Import Request.
  Time since last request: 0.000033 seconds.
  path: Assets/Imported Assets/Hatogame_new/BossMonsterPack1/Wolfboss
  artifactKey: Guid(5ed78a7e9ea3f1349877c1539ad0f2a2) Importer(2089858483,b0f066a214c2f5e87bad3c948f4d605d)
Start importing Assets/Imported Assets/Hatogame_new/BossMonsterPack1/Wolfboss using Guid(5ed78a7e9ea3f1349877c1539ad0f2a2) Importer(2089858483,b0f066a214c2f5e87bad3c948f4d605d) (ScriptedImporter) -> (artifact id: '785459a812892b296ad3143833f5678a') in 0.001006708 seconds
Number of updated asset objects reloaded before import = 0Number of asset objects unloaded after import = 1

========================================================================
Received Import Request.
  Time since last request: 0.000067 seconds.
  path: Assets/Imported Assets/cave_troll/textures/troll_tanga_normal.tga
  artifactKey: Guid(5cea48ec60581344ea7a31597b762b56) Importer(2089858483,b0f066a214c2f5e87bad3c948f4d605d)
Start importing Assets/Imported Assets/cave_troll/textures/troll_tanga_normal.tga using Guid(5cea48ec60581344ea7a31597b762b56) Importer(2089858483,b0f066a214c2f5e87bad3c948f4d605d) (ScriptedImporter) -> (artifact id: 'f1a4796ded6d4fb547b0658d959e7e4e') in 0.005729666 seconds
Number of updated asset objects reloaded before import = 0Number of asset objects unloaded after import = 1

========================================================================
Received Import Request.
  Time since last request: 0.000223 seconds.
  path: Assets/Imported Assets/cave_troll/textures/troll_hair_normal.tga
  artifactKey: Guid(bf5ded56aba3e0a4a9ee58de939c08f1) Importer(2089858483,b0f066a214c2f5e87bad3c948f4d605d)
Start importing Assets/Imported Assets/cave_troll/textures/troll_hair_normal.tga using Guid(bf5ded56aba3e0a4a9ee58de939c08f1) Importer(2089858483,b0f066a214c2f5e87bad3c948f4d605d) (ScriptedImporter) -> (artifact id: '49ba35038fe248461c966787cedee4c7') in 0.004432583 seconds
Number of updated asset objects reloaded before import = 0Number of asset objects unloaded after import = 1

========================================================================
Received Import Request.
  Time since last request: 0.000156 seconds.
  path: Assets/Imported Assets/cave_troll/shaders
  artifactKey: Guid(7c42c8371f1a620429f3d7af5e299aa3) Importer(2089858483,b0f066a214c2f5e87bad3c948f4d605d)
Start importing Assets/Imported Assets/cave_troll/shaders using Guid(7c42c8371f1a620429f3d7af5e299aa3) Importer(2089858483,b0f066a214c2f5e87bad3c948f4d605d) (ScriptedImporter) -> (artifact id: '167365c79329eff6089289355d7afdaf') in 0.000842416 seconds
Number of updated asset objects reloaded before import = 0Number of asset objects unloaded after import = 1

========================================================================
Received Import Request.
  Time since last request: 0.000178 seconds.
  path: Assets/Imported Assets/cave_troll/materials/floor_material.mat
  artifactKey: Guid(902fbec405b3daf42a0643419df21922) Importer(2089858483,b0f066a214c2f5e87bad3c948f4d605d)
Start importing Assets/Imported Assets/cave_troll/materials/floor_material.mat using Guid(902fbec405b3daf42a0643419df21922) Importer(2089858483,b0f066a214c2f5e87bad3c948f4d605d) (ScriptedImporter) -> (artifact id: 'a1289c7701fc75951ee7822c924b8d7c') in 0.002113042 seconds
Number of updated asset objects reloaded before import = 0Number of asset objects unloaded after import = 1

========================================================================
Received Import Request.
  Time since last request: 0.000237 seconds.
  path: Assets/Imported Assets/Hatogame_new/BossMonsterPack1/Wolfboss/Scenes
  artifactKey: Guid(15fa540d2c21fa54a884305185ade6e4) Importer(2089858483,b0f066a214c2f5e87bad3c948f4d605d)
Start importing Assets/Imported Assets/Hatogame_new/BossMonsterPack1/Wolfboss/Scenes using Guid(15fa540d2c21fa54a884305185ade6e4) Importer(2089858483,b0f066a214c2f5e87bad3c948f4d605d) (ScriptedImporter) -> (artifact id: '04b1ab8e5c610705e6c95fb1a7b84e33') in 0.001138458 seconds
Number of updated asset objects reloaded before import = 0Number of asset objects unloaded after import = 1

========================================================================
Received Import Request.
  Time since last request: 0.000104 seconds.
  path: Assets/Imported Assets/Imp/Textures/Imp.color.blue.complet.png
  artifactKey: Guid(d9438a8f43f510d418d3d7010e1429e4) Importer(2089858483,b0f066a214c2f5e87bad3c948f4d605d)
Start importing Assets/Imported Assets/Imp/Textures/Imp.color.blue.complet.png using Guid(d9438a8f43f510d418d3d7010e1429e4) Importer(2089858483,b0f066a214c2f5e87bad3c948f4d605d) (ScriptedImporter) -> (artifact id: '257552829581c25882f5da196ca924e5') in 0.004024708 seconds
Number of updated asset objects reloaded before import = 0Number of asset objects unloaded after import = 1

========================================================================
Received Import Request.
  Time since last request: 0.000156 seconds.
  path: Assets/Imported Assets/Imp/Animations/Attack2.anim
  artifactKey: Guid(f8de00c1052d37b47b778648c335809b) Importer(2089858483,b0f066a214c2f5e87bad3c948f4d605d)
Start importing Assets/Imported Assets/Imp/Animations/Attack2.anim using Guid(f8de00c1052d37b47b778648c335809b) Importer(2089858483,b0f066a214c2f5e87bad3c948f4d605d) (ScriptedImporter) -> (artifact id: '1a2d257a66efc45fd4d0efe3a05ab966') in 0.004976375 seconds
Number of updated asset objects reloaded before import = 0Number of asset objects unloaded after import = 1

========================================================================
Received Import Request.
  Time since last request: 0.000066 seconds.
  path: Assets/Imported Assets/cave_troll/animation_controller
  artifactKey: Guid(5c62166c7bdc69f499ab1e9f984b8cb3) Importer(2089858483,b0f066a214c2f5e87bad3c948f4d605d)
Start importing Assets/Imported Assets/cave_troll/animation_controller using Guid(5c62166c7bdc69f499ab1e9f984b8cb3) Importer(2089858483,b0f066a214c2f5e87bad3c948f4d605d) (ScriptedImporter) -> (artifact id: '1233353e352ccca0ada19a9d606b48da') in 0.001095375 seconds
Number of updated asset objects reloaded before import = 0Number of asset objects unloaded after import = 1

========================================================================
Received Import Request.
  Time since last request: 0.000130 seconds.
  path: Assets/Imported Assets/Imp/Prefabs
  artifactKey: Guid(3fdcb919b7e308546bfc3f8e96c9a6de) Importer(2089858483,b0f066a214c2f5e87bad3c948f4d605d)
Start importing Assets/Imported Assets/Imp/Prefabs using Guid(3fdcb919b7e308546bfc3f8e96c9a6de) Importer(2089858483,b0f066a214c2f5e87bad3c948f4d605d) (ScriptedImporter) -> (artifact id: 'e9be6089d9cc0bdeab06cab487dbb407') in 0.000909791 seconds
Number of updated asset objects reloaded before import = 0Number of asset objects unloaded after import = 1

========================================================================
Received Import Request.
  Time since last request: 0.000229 seconds.
  path: Assets/Imported Assets/cave_troll/textures
  artifactKey: Guid(93c1dd6f05835504380e0402a26434f0) Importer(2089858483,b0f066a214c2f5e87bad3c948f4d605d)
Start importing Assets/Imported Assets/cave_troll/textures using Guid(93c1dd6f05835504380e0402a26434f0) Importer(2089858483,b0f066a214c2f5e87bad3c948f4d605d) (ScriptedImporter) -> (artifact id: '3d5395720ac1cf4095885757e95cf5bd') in 0.0009145 seconds
Number of updated asset objects reloaded before import = 0Number of asset objects unloaded after import = 1

========================================================================
Received Import Request.
  Time since last request: 0.000268 seconds.
  path: Assets/Imported Assets/Hatogame_new/BossMonsterPack1/Wolfboss/Controller
  artifactKey: Guid(40d769f7a3856cf43baf65279f31df26) Importer(2089858483,b0f066a214c2f5e87bad3c948f4d605d)
Start importing Assets/Imported Assets/Hatogame_new/BossMonsterPack1/Wolfboss/Controller using Guid(40d769f7a3856cf43baf65279f31df26) Importer(2089858483,b0f066a214c2f5e87bad3c948f4d605d) (ScriptedImporter) -> (artifact id: '2571f5bf20b1469e1471fb3a0d1dd878') in 0.001313125 seconds
Number of updated asset objects reloaded before import = 0Number of asset objects unloaded after import = 1

========================================================================
Received Import Request.
  Time since last request: 0.000217 seconds.
  path: Assets/Imported Assets/cave_troll/textures/troll_hair_albedo.tga
  artifactKey: Guid(d0bde601812a6554eb163f455d1f0414) Importer(2089858483,b0f066a214c2f5e87bad3c948f4d605d)
Start importing Assets/Imported Assets/cave_troll/textures/troll_hair_albedo.tga using Guid(d0bde601812a6554eb163f455d1f0414) Importer(2089858483,b0f066a214c2f5e87bad3c948f4d605d) (ScriptedImporter) -> (artifact id: 'c410e9e4b4098e66294b728cac02d0ec') in 0.004123834 seconds
Number of updated asset objects reloaded before import = 0Number of asset objects unloaded after import = 1

========================================================================
Received Import Request.
  Time since last request: 0.000067 seconds.
  path: Assets/Imported Assets/Hatogame_new/BossMonsterPack1/Wolfboss/Material/WolfbossA_Mat.mat
  artifactKey: Guid(622dfe6cbe6bf144cb3d01ba0282c0e7) Importer(2089858483,b0f066a214c2f5e87bad3c948f4d605d)
Start importing Assets/Imported Assets/Hatogame_new/BossMonsterPack1/Wolfboss/Material/WolfbossA_Mat.mat using Guid(622dfe6cbe6bf144cb3d01ba0282c0e7) Importer(2089858483,b0f066a214c2f5e87bad3c948f4d605d) (ScriptedImporter) -> (artifact id: 'f0d18ec2a2ed88fb357a0cdbd77a0e30') in 0.008669 seconds
Number of updated asset objects reloaded before import = 0Number of asset objects unloaded after import = 4

========================================================================
Received Import Request.
  Time since last request: 0.000036 seconds.
  path: Assets/Imported Assets/cave_troll/textures/troll_tanga_albedo.tga
  artifactKey: Guid(d9175586a5fb14d4e90fecd4a02ea007) Importer(2089858483,b0f066a214c2f5e87bad3c948f4d605d)
Start importing Assets/Imported Assets/cave_troll/textures/troll_tanga_albedo.tga using Guid(d9175586a5fb14d4e90fecd4a02ea007) Importer(2089858483,b0f066a214c2f5e87bad3c948f4d605d) (ScriptedImporter) -> (artifact id: '6f668586080d7d364955cd9761f1a4ba') in 0.004339083 seconds
Number of updated asset objects reloaded before import = 0Number of asset objects unloaded after import = 1

========================================================================
Received Import Request.
  Time since last request: 0.000168 seconds.
  path: Assets/Imported Assets/Hatogame_new/BossMonsterPack1/Wolfboss/Textures/Wolfboss_Metallic.png
  artifactKey: Guid(a8c5d204e41b46a4f969beb794e3ff19) Importer(2089858483,b0f066a214c2f5e87bad3c948f4d605d)
Start importing Assets/Imported Assets/Hatogame_new/BossMonsterPack1/Wolfboss/Textures/Wolfboss_Metallic.png using Guid(a8c5d204e41b46a4f969beb794e3ff19) Importer(2089858483,b0f066a214c2f5e87bad3c948f4d605d) (ScriptedImporter) -> (artifact id: '950f01cf4cef009b11c9fed5fe6d12ec') in 0.006267375 seconds
Number of updated asset objects reloaded before import = 0Number of asset objects unloaded after import = 1

========================================================================
Received Import Request.
  Time since last request: 0.000097 seconds.
  path: Assets/Imported Assets/cave_troll/meshes
  artifactKey: Guid(aaeffc9be58c8dc49a36ff6b0ce14e9e) Importer(2089858483,b0f066a214c2f5e87bad3c948f4d605d)
Start importing Assets/Imported Assets/cave_troll/meshes using Guid(aaeffc9be58c8dc49a36ff6b0ce14e9e) Importer(2089858483,b0f066a214c2f5e87bad3c948f4d605d) (ScriptedImporter) -> (artifact id: 'f4166d1f2ce300f0c35747dbdd9fa837') in 0.001111625 seconds
Number of updated asset objects reloaded before import = 0Number of asset objects unloaded after import = 1

========================================================================
Received Import Request.
  Time since last request: 0.000185 seconds.
  path: Assets/Imported Assets/cave_troll/textures/mace_albedo.tga
  artifactKey: Guid(7e9627749e5a9284f85734af9a21d24a) Importer(2089858483,b0f066a214c2f5e87bad3c948f4d605d)
Start importing Assets/Imported Assets/cave_troll/textures/mace_albedo.tga using Guid(7e9627749e5a9284f85734af9a21d24a) Importer(2089858483,b0f066a214c2f5e87bad3c948f4d605d) (ScriptedImporter) -> (artifact id: '829c950317d0b6ae11e9c6970d53f7ea') in 0.004426459 seconds
Number of updated asset objects reloaded before import = 0Number of asset objects unloaded after import = 1

========================================================================
Received Import Request.
  Time since last request: 0.000293 seconds.
  path: Assets/Imported Assets/cave_troll/animation_controller/troll_anim.controller
  artifactKey: Guid(50e102f778e6d854bb51845cca9dbe04) Importer(2089858483,b0f066a214c2f5e87bad3c948f4d605d)
Start importing Assets/Imported Assets/cave_troll/animation_controller/troll_anim.controller using Guid(50e102f778e6d854bb51845cca9dbe04) Importer(2089858483,b0f066a214c2f5e87bad3c948f4d605d) (ScriptedImporter) -> (artifact id: '685e2fb20937435411275b28db649b53') in 0.037787166 seconds
Number of updated asset objects reloaded before import = 0Number of asset objects unloaded after import = 26

========================================================================
Received Import Request.
  Time since last request: 0.000037 seconds.
  path: Assets/Imported Assets/Imp/Animations/Attack1.anim
  artifactKey: Guid(86a8155cfe6fea14a9eb27ecd90dc6ac) Importer(2089858483,b0f066a214c2f5e87bad3c948f4d605d)
Start importing Assets/Imported Assets/Imp/Animations/Attack1.anim using Guid(86a8155cfe6fea14a9eb27ecd90dc6ac) Importer(2089858483,b0f066a214c2f5e87bad3c948f4d605d) (ScriptedImporter) -> (artifact id: '7c5aaa57dc5dc756dbaaabb4b70be8db') in 0.00620625 seconds
Number of updated asset objects reloaded before import = 0Number of asset objects unloaded after import = 1

========================================================================
Received Import Request.
  Time since last request: 0.000123 seconds.
  path: Assets/Imported Assets/Imp/Models
  artifactKey: Guid(25286064ae1467a40803ed464d72eea3) Importer(2089858483,b0f066a214c2f5e87bad3c948f4d605d)
Start importing Assets/Imported Assets/Imp/Models using Guid(25286064ae1467a40803ed464d72eea3) Importer(2089858483,b0f066a214c2f5e87bad3c948f4d605d) (ScriptedImporter) -> (artifact id: '57574793cc81d7ff4243c0c5a4c10c5f') in 0.001166958 seconds
Number of updated asset objects reloaded before import = 0Number of asset objects unloaded after import = 1

========================================================================
Received Import Request.
  Time since last request: 0.000064 seconds.
  path: Assets/Imported Assets/Hatogame_new/BossMonsterPack1/Wolfboss/Scenes/Wolfboss.unity
  artifactKey: Guid(ce0bbab704152c94e9019a2202f06e4a) Importer(2089858483,b0f066a214c2f5e87bad3c948f4d605d)
Start importing Assets/Imported Assets/Hatogame_new/BossMonsterPack1/Wolfboss/Scenes/Wolfboss.unity using Guid(ce0bbab704152c94e9019a2202f06e4a) Importer(2089858483,b0f066a214c2f5e87bad3c948f4d605d) (ScriptedImporter) -> (artifact id: '5efc2c75cf3bea9a358643074e6cfa7a') in 0.0017145 seconds
Number of updated asset objects reloaded before import = 0Number of asset objects unloaded after import = 1

========================================================================
Received Import Request.
  Time since last request: 0.000181 seconds.
  path: Assets/Imported Assets/Hatogame_new/BossMonsterPack1/Wolfboss/Animation/Wolfboss@run.FBX
  artifactKey: Guid(e220be4231865374fa9acb1f67324e59) Importer(2089858483,b0f066a214c2f5e87bad3c948f4d605d)
Start importing Assets/Imported Assets/Hatogame_new/BossMonsterPack1/Wolfboss/Animation/Wolfboss@run.FBX using Guid(e220be4231865374fa9acb1f67324e59) Importer(2089858483,b0f066a214c2f5e87bad3c948f4d605d) (ScriptedImporter) -> (artifact id: '55e54c9ee55830cefd453dd42f723559') in 0.006030041 seconds
Number of updated asset objects reloaded before import = 0Number of asset objects unloaded after import = 141

========================================================================
Received Import Request.
  Time since last request: 1.140320 seconds.
  path: Assets/Imported Assets/FourEvilDragonsHP
  artifactKey: Guid(dcff2af42bc0f4045b0ab91edbb8cd31) Importer(815301076,1909f56bfc062723c751e8b465ee728b)
Start importing Assets/Imported Assets/FourEvilDragonsHP using Guid(dcff2af42bc0f4045b0ab91edbb8cd31) Importer(815301076,1909f56bfc062723c751e8b465ee728b) (PreviewImporter) -> (artifact id: '78c50acc1e42f2e58ff5b51e49c98773') in 0.000257833 seconds
Number of updated asset objects reloaded before import = 0Number of asset objects unloaded after import = 0

========================================================================
Received Import Request.
  Time since last request: 56.789101 seconds.
  path: Assets/Scenes/GameWorld.unity
  artifactKey: Guid(7ec1276d96ae946f3a6a74b4fe96aa82) Importer(2089858483,b0f066a214c2f5e87bad3c948f4d605d)
Start importing Assets/Scenes/GameWorld.unity using Guid(7ec1276d96ae946f3a6a74b4fe96aa82) Importer(2089858483,b0f066a214c2f5e87bad3c948f4d605d) (ScriptedImporter) -> (artifact id: 'ca60b55b6cbd8b6dc50b8489f60a0d2a') in 0.001479084 seconds
Number of updated asset objects reloaded before import = 0Number of asset objects unloaded after import = 1

========================================================================
Received Import Request.
  Time since last request: 18671.677197 seconds.
  path: Assets/Scenes/MainMenu.unity
  artifactKey: Guid(a75b756c43bc74e829b2004a709ec299) Importer(815301076,1909f56bfc062723c751e8b465ee728b)
Start importing Assets/Scenes/MainMenu.unity using Guid(a75b756c43bc74e829b2004a709ec299) Importer(815301076,1909f56bfc062723c751e8b465ee728b) (PreviewImporter) -> (artifact id: '22e4b5aecf17a0f2e1732c50bc6e5e28') in 0.001525 seconds
Number of updated asset objects reloaded before import = 0Number of asset objects unloaded after import = 0

========================================================================
Received Import Request.
  Time since last request: 0.981791 seconds.
  path: Assets/Scenes/MainMenu.unity
  artifactKey: Guid(a75b756c43bc74e829b2004a709ec299) Importer(2089858483,b0f066a214c2f5e87bad3c948f4d605d)
Start importing Assets/Scenes/MainMenu.unity using Guid(a75b756c43bc74e829b2004a709ec299) Importer(2089858483,b0f066a214c2f5e87bad3c948f4d605d) (ScriptedImporter) -> (artifact id: 'daab25601f2a414783b8ba60d6b8fdcf') in 0.004332875 seconds
Number of updated asset objects reloaded before import = 0Number of asset objects unloaded after import = 1

